場所,芝ダ,距離,前走場所,母数,勝利数,複勝数,単勝率,複勝率,補正複勝率
中京,ダ,1200,中京,137,9,27,0.0657,0.1971,0.2
中京,ダ,1200,中山,50,2,10,0.04,0.2,0.207547
中京,ダ,1200,京都,35,4,7,0.1143,0.2,0.210526
中京,ダ,1200,佐賀,1,0,0,0.0,0.0,0.25
中京,ダ,1200,函館,2,0,1,0.0,0.5,0.4
中京,ダ,1200,名古,1,0,0,0.0,0.0,0.25
中京,ダ,1200,園田,11,0,2,0.0,0.1818,0.214286
中京,ダ,1200,大井,1,0,0,0.0,0.0,0.25
中京,ダ,1200,姫路,1,0,0,0.0,0.0,0.25
中京,ダ,1200,小倉,48,4,10,0.0833,0.2083,0.215686
中京,ダ,1200,川崎,3,0,0,0.0,0.0,0.166667
中京,ダ,1200,新潟,52,5,13,0.0962,0.25,0.254545
中京,ダ,1200,札幌,14,0,1,0.0,0.0714,0.117647
中京,ダ,1200,東京,29,3,6,0.1034,0.2069,0.21875
中京,ダ,1200,浦和,1,0,1,0.0,1.0,0.5
中京,ダ,1200,盛岡,1,0,0,0.0,0.0,0.25
中京,ダ,1200,福島,41,1,5,0.0244,0.122,0.136364
中京,ダ,1200,笠松,1,0,0,0.0,0.0,0.25
中京,ダ,1200,金沢,1,0,0,0.0,0.0,0.25
中京,ダ,1200,門別,2,0,0,0.0,0.0,0.2
中京,ダ,1200,阪神,138,9,29,0.0652,0.2101,0.212766
中京,ダ,1400,中京,150,8,30,0.0533,0.2,0.202614
中京,ダ,1400,中山,36,1,4,0.0278,0.1111,0.128205
中京,ダ,1400,京都,40,3,7,0.075,0.175,0.186047
中京,ダ,1400,函館,2,1,1,0.5,0.5,0.4
中京,ダ,1400,名古,11,0,0,0.0,0.0,0.071429
中京,ダ,1400,園田,7,1,1,0.1429,0.1429,0.2
中京,ダ,1400,大井,1,0,0,0.0,0.0,0.25
中京,ダ,1400,姫路,1,0,1,0.0,1.0,0.5
中京,ダ,1400,小倉,46,4,7,0.087,0.1522,0.163265
中京,ダ,1400,川崎,7,0,1,0.0,0.1429,0.2
中京,ダ,1400,新潟,26,0,5,0.0,0.1923,0.206897
中京,ダ,1400,札幌,9,0,1,0.0,0.1111,0.166667
中京,ダ,1400,東京,121,11,30,0.0909,0.2479,0.25
中京,ダ,1400,水沢,3,0,0,0.0,0.0,0.166667
中京,ダ,1400,浦和,2,0,0,0.0,0.0,0.2
中京,ダ,1400,盛岡,2,0,0,0.0,0.0,0.2
中京,ダ,1400,福島,23,1,3,0.0435,0.1304,0.153846
中京,ダ,1400,笠松,4,0,0,0.0,0.0,0.142857
中京,ダ,1400,船橋,3,1,1,0.3333,0.3333,0.333333
中京,ダ,1400,門別,2,0,0,0.0,0.0,0.2
中京,ダ,1400,阪神,169,13,41,0.0769,0.2426,0.244186
中京,ダ,1400,高知,3,0,0,0.0,0.0,0.166667
中京,ダ,1800,,1,0,0,0.0,0.0,0.25
中京,ダ,1800,中京,172,10,39,0.0581,0.2267,0.228571
中京,ダ,1800,中山,43,0,8,0.0,0.186,0.195652
中京,ダ,1800,京都,65,5,18,0.0769,0.2769,0.279412
中京,ダ,1800,函館,10,1,3,0.1,0.3,0.307692
中京,ダ,1800,名古,5,1,2,0.2,0.4,0.375
中京,ダ,1800,園田,4,0,1,0.0,0.25,0.285714
中京,ダ,1800,姫路,1,0,0,0.0,0.0,0.25
中京,ダ,1800,小倉,65,6,11,0.0923,0.1692,0.176471
中京,ダ,1800,川崎,2,0,0,0.0,0.0,0.2
中京,ダ,1800,新潟,57,6,16,0.1053,0.2807,0.283333
中京,ダ,1800,札幌,17,2,4,0.1176,0.2353,0.25
中京,ダ,1800,東京,71,4,17,0.0563,0.2394,0.243243
中京,ダ,1800,浦和,2,0,0,0.0,0.0,0.2
中京,ダ,1800,福島,38,4,6,0.1053,0.1579,0.170732
中京,ダ,1800,笠松,4,0,0,0.0,0.0,0.142857
中京,ダ,1800,船橋,2,0,1,0.0,0.5,0.4
中京,ダ,1800,金沢,2,1,1,0.5,0.5,0.4
中京,ダ,1800,門別,2,0,1,0.0,0.5,0.4
中京,ダ,1800,阪神,219,23,58,0.105,0.2648,0.265766
中京,ダ,1900,中京,84,5,23,0.0595,0.2738,0.275862
中京,ダ,1900,中山,32,1,5,0.0312,0.1562,0.171429
中京,ダ,1900,京都,17,1,3,0.0588,0.1765,0.2
中京,ダ,1900,函館,1,0,1,0.0,1.0,0.5
中京,ダ,1900,名古,2,0,0,0.0,0.0,0.2
中京,ダ,1900,園田,3,0,0,0.0,0.0,0.166667
中京,ダ,1900,大井,1,0,0,0.0,0.0,0.25
中京,ダ,1900,小倉,28,3,5,0.1071,0.1786,0.193548
中京,ダ,1900,新潟,26,2,6,0.0769,0.2308,0.241379
中京,ダ,1900,札幌,5,0,1,0.0,0.2,0.25
中京,ダ,1900,東京,46,4,11,0.087,0.2391,0.244898
中京,ダ,1900,浦和,1,1,1,1.0,1.0,0.5
中京,ダ,1900,福島,11,0,1,0.0,0.0909,0.142857
中京,ダ,1900,笠松,2,0,1,0.0,0.5,0.4
中京,ダ,1900,船橋,2,0,0,0.0,0.0,0.2
中京,ダ,1900,門別,1,0,0,0.0,0.0,0.25
中京,ダ,1900,阪神,76,8,17,0.1053,0.2237,0.227848
中京,芝,1200,中京,45,4,8,0.0889,0.1778,0.1875
中京,芝,1200,中山,25,1,6,0.04,0.24,0.25
中京,芝,1200,京都,14,3,6,0.2143,0.4286,0.411765
中京,芝,1200,佐賀,1,0,0,0.0,0.0,0.25
中京,芝,1200,函館,2,0,0,0.0,0.0,0.2
中京,芝,1200,園田,1,0,0,0.0,0.0,0.25
中京,芝,1200,大井,1,0,0,0.0,0.0,0.25
中京,芝,1200,小倉,55,3,13,0.0545,0.2364,0.241379
中京,芝,1200,新潟,43,4,10,0.093,0.2326,0.23913
中京,芝,1200,札幌,15,1,3,0.0667,0.2,0.222222
中京,芝,1200,東京,12,2,2,0.1667,0.1667,0.2
中京,芝,1200,福島,49,3,8,0.0612,0.1633,0.173077
中京,芝,1200,笠松,1,0,0,0.0,0.0,0.25
中京,芝,1200,船橋,1,0,0,0.0,0.0,0.25
中京,芝,1200,阪神,60,1,10,0.0167,0.1667,0.174603
中京,芝,1400,アラ首,1,1,1,1.0,1.0,0.5
中京,芝,1400,中京,102,14,27,0.1373,0.2647,0.266667
中京,芝,1400,中山,25,0,2,0.0,0.08,0.107143
中京,芝,1400,京都,44,2,11,0.0455,0.25,0.255319
中京,芝,1400,函館,3,0,0,0.0,0.0,0.166667
中京,芝,1400,名古,2,0,0,0.0,0.0,0.2
中京,芝,1400,園田,2,0,0,0.0,0.0,0.2
中京,芝,1400,大井,1,0,0,0.0,0.0,0.25
中京,芝,1400,小倉,34,1,11,0.0294,0.3235,0.324324
中京,芝,1400,川崎,1,0,0,0.0,0.0,0.25
中京,芝,1400,新潟,26,2,5,0.0769,0.1923,0.206897
中京,芝,1400,札幌,6,1,2,0.1667,0.3333,0.333333
中京,芝,1400,東京,56,4,11,0.0714,0.1964,0.20339
中京,芝,1400,水沢,1,0,0,0.0,0.0,0.25
中京,芝,1400,福島,25,2,3,0.08,0.12,0.142857
中京,芝,1400,笠松,1,0,0,0.0,0.0,0.25
中京,芝,1400,船橋,3,0,0,0.0,0.0,0.166667
中京,芝,1400,金沢,2,0,0,0.0,0.0,0.2
中京,芝,1400,阪神,119,5,23,0.042,0.1933,0.196721
中京,芝,1600,,1,0,0,0.0,0.0,0.25
中京,芝,1600,中京,103,10,33,0.0971,0.3204,0.320755
中京,芝,1600,中山,25,1,4,0.04,0.16,0.178571
中京,芝,1600,京都,45,5,16,0.1111,0.3556,0.354167
中京,芝,1600,函館,2,0,0,0.0,0.0,0.2
中京,芝,1600,名古,2,0,0,0.0,0.0,0.2
中京,芝,1600,大井,1,0,0,0.0,0.0,0.25
中京,芝,1600,小倉,47,0,6,0.0,0.1277,0.14
中京,芝,1600,新潟,42,2,5,0.0476,0.119,0.133333
中京,芝,1600,札幌,18,2,3,0.1111,0.1667,0.190476
中京,芝,1600,東京,78,7,22,0.0897,0.2821,0.283951
中京,芝,1600,盛岡,2,0,0,0.0,0.0,0.2
中京,芝,1600,福島,21,2,3,0.0952,0.1429,0.166667
中京,芝,1600,笠松,2,0,0,0.0,0.0,0.2
中京,芝,1600,船橋,1,0,0,0.0,0.0,0.25
中京,芝,1600,阪神,128,14,37,0.1094,0.2891,0.290076
中京,芝,2000,,1,0,0,0.0,0.0,0.25
中京,芝,2000,中京,127,13,35,0.1024,0.2756,0.276923
中京,芝,2000,中山,37,1,4,0.027,0.1081,0.125
中京,芝,2000,京都,33,2,11,0.0606,0.3333,0.333333
中京,芝,2000,佐賀,1,0,0,0.0,0.0,0.25
中京,芝,2000,函館,1,1,1,1.0,1.0,0.5
中京,芝,2000,名古,4,0,1,0.0,0.25,0.285714
中京,芝,2000,園田,5,1,1,0.2,0.2,0.25
中京,芝,2000,小倉,76,5,21,0.0658,0.2763,0.278481
中京,芝,2000,川崎,1,0,1,0.0,1.0,0.5
中京,芝,2000,新潟,38,4,8,0.1053,0.2105,0.219512
中京,芝,2000,札幌,18,1,2,0.0556,0.1111,0.142857
中京,芝,2000,東京,48,8,17,0.1667,0.3542,0.352941
中京,芝,2000,浦和,1,0,0,0.0,0.0,0.25
中京,芝,2000,盛岡,1,0,0,0.0,0.0,0.25
中京,芝,2000,福島,51,4,13,0.0784,0.2549,0.259259
中京,芝,2000,笠松,2,0,0,0.0,0.0,0.2
中京,芝,2000,船橋,2,0,0,0.0,0.0,0.2
中京,芝,2000,阪神,119,12,41,0.1008,0.3445,0.344262
中京,芝,2200,中京,75,7,25,0.0933,0.3333,0.333333
中京,芝,2200,中山,22,3,7,0.1364,0.3182,0.32
中京,芝,2200,京都,18,1,6,0.0556,0.3333,0.333333
中京,芝,2200,函館,2,1,1,0.5,0.5,0.4
中京,芝,2200,名古,2,0,0,0.0,0.0,0.2
中京,芝,2200,園田,2,0,0,0.0,0.0,0.2
中京,芝,2200,小倉,41,4,10,0.0976,0.2439,0.25
中京,芝,2200,新潟,19,0,3,0.0,0.1579,0.181818
中京,芝,2200,札幌,8,1,2,0.125,0.25,0.272727
中京,芝,2200,東京,35,4,9,0.1143,0.2571,0.263158
中京,芝,2200,福島,21,2,6,0.0952,0.2857,0.291667
中京,芝,2200,笠松,2,0,0,0.0,0.0,0.2
中京,芝,2200,阪神,59,6,18,0.1017,0.3051,0.306452
中山,ダ,1200,中京,119,8,24,0.0672,0.2017,0.204918
中山,ダ,1200,中山,549,40,113,0.0729,0.2058,0.206522
中山,ダ,1200,京都,53,4,14,0.0755,0.2642,0.267857
中山,ダ,1200,佐賀,3,0,0,0.0,0.0,0.166667
中山,ダ,1200,函館,7,1,1,0.1429,0.1429,0.2
中山,ダ,1200,名古,2,0,0,0.0,0.0,0.2
中山,ダ,1200,園田,10,0,0,0.0,0.0,0.076923
中山,ダ,1200,姫路,1,0,0,0.0,0.0,0.25
中山,ダ,1200,小倉,46,2,7,0.0435,0.1522,0.163265
中山,ダ,1200,川崎,4,0,0,0.0,0.0,0.142857
中山,ダ,1200,新潟,139,5,24,0.036,0.1727,0.176056
中山,ダ,1200,札幌,43,0,6,0.0,0.1395,0.152174
中山,ダ,1200,東京,224,21,50,0.0938,0.2232,0.22467
中山,ダ,1200,水沢,2,0,0,0.0,0.0,0.2
中山,ダ,1200,浦和,4,0,0,0.0,0.0,0.142857
中山,ダ,1200,盛岡,6,0,0,0.0,0.0,0.111111
中山,ダ,1200,福島,117,7,21,0.0598,0.1795,0.183333
中山,ダ,1200,笠松,6,0,0,0.0,0.0,0.111111
中山,ダ,1200,金沢,3,0,0,0.0,0.0,0.166667
中山,ダ,1200,門別,12,1,1,0.0833,0.0833,0.133333
中山,ダ,1200,阪神,97,5,21,0.0515,0.2165,0.22
中山,ダ,1200,高知,1,0,0,0.0,0.0,0.25
中山,ダ,1800,中京,90,5,19,0.0556,0.2111,0.215054
中山,ダ,1800,中山,543,33,112,0.0608,0.2063,0.20696
中山,ダ,1800,京都,48,4,10,0.0833,0.2083,0.215686
中山,ダ,1800,佐賀,6,0,0,0.0,0.0,0.111111
中山,ダ,1800,函館,12,3,3,0.25,0.25,0.266667
中山,ダ,1800,名古,4,0,0,0.0,0.0,0.142857
中山,ダ,1800,園田,5,0,0,0.0,0.0,0.125
中山,ダ,1800,大井,3,0,1,0.0,0.3333,0.333333
中山,ダ,1800,姫路,1,0,0,0.0,0.0,0.25
中山,ダ,1800,小倉,44,5,14,0.1136,0.3182,0.319149
中山,ダ,1800,川崎,10,0,1,0.0,0.1,0.153846
中山,ダ,1800,新潟,126,8,31,0.0635,0.246,0.248062
中山,ダ,1800,札幌,70,6,14,0.0857,0.2,0.205479
中山,ダ,1800,東京,297,25,63,0.0842,0.2121,0.213333
中山,ダ,1800,浦和,9,0,1,0.0,0.1111,0.166667
中山,ダ,1800,盛岡,1,0,0,0.0,0.0,0.25
中山,ダ,1800,福島,100,8,21,0.08,0.21,0.213592
中山,ダ,1800,笠松,1,0,0,0.0,0.0,0.25
中山,ダ,1800,船橋,2,0,0,0.0,0.0,0.2
中山,ダ,1800,金沢,3,0,0,0.0,0.0,0.166667
中山,ダ,1800,門別,3,0,0,0.0,0.0,0.166667
中山,ダ,1800,阪神,84,6,16,0.0714,0.1905,0.195402
中山,ダ,1800,高知,1,0,0,0.0,0.0,0.25
中山,ダ,2400,中京,15,3,5,0.2,0.3333,0.333333
中山,ダ,2400,中山,70,3,14,0.0429,0.2,0.205479
中山,ダ,2400,京都,5,0,1,0.0,0.2,0.25
中山,ダ,2400,函館,2,0,0,0.0,0.0,0.2
中山,ダ,2400,名古,1,0,0,0.0,0.0,0.25
中山,ダ,2400,小倉,17,1,2,0.0588,0.1176,0.15
中山,ダ,2400,川崎,1,0,0,0.0,0.0,0.25
中山,ダ,2400,新潟,24,4,8,0.1667,0.3333,0.333333
中山,ダ,2400,札幌,16,0,3,0.0,0.1875,0.210526
中山,ダ,2400,東京,66,4,12,0.0606,0.1818,0.188406
中山,ダ,2400,浦和,1,0,0,0.0,0.0,0.25
中山,ダ,2400,福島,7,1,2,0.1429,0.2857,0.3
中山,ダ,2400,船橋,1,0,0,0.0,0.0,0.25
中山,ダ,2400,阪神,13,0,1,0.0,0.0769,0.125
中山,ダ,2500,中山,2,0,1,0.0,0.5,0.4
中山,ダ,2500,名古,1,0,0,0.0,0.0,0.25
中山,ダ,2500,園田,1,0,0,0.0,0.0,0.25
中山,ダ,2500,新潟,2,0,0,0.0,0.0,0.2
中山,ダ,2500,東京,5,1,1,0.2,0.2,0.25
中山,ダ,2500,福島,9,1,4,0.1111,0.4444,0.416667
中山,ダ,2500,笠松,1,0,0,0.0,0.0,0.25
中山,ダ,2500,金沢,1,0,0,0.0,0.0,0.25
中山,芝,1200,中京,23,2,3,0.087,0.1304,0.153846
中山,芝,1200,中山,183,16,42,0.0874,0.2295,0.231183
中山,芝,1200,京都,22,1,4,0.0455,0.1818,0.2
中山,芝,1200,佐賀,1,0,0,0.0,0.0,0.25
中山,芝,1200,函館,10,3,5,0.3,0.5,0.461538
中山,芝,1200,小倉,57,3,13,0.0526,0.2281,0.233333
中山,芝,1200,新潟,56,4,10,0.0714,0.1786,0.186441
中山,芝,1200,札幌,33,0,8,0.0,0.2424,0.25
中山,芝,1200,東京,47,2,10,0.0426,0.2128,0.22
中山,芝,1200,浦和,1,0,0,0.0,0.0,0.25
中山,芝,1200,盛岡,4,0,0,0.0,0.0,0.142857
中山,芝,1200,福島,74,2,14,0.027,0.1892,0.194805
中山,芝,1200,笠松,1,0,0,0.0,0.0,0.25
中山,芝,1200,船橋,1,0,1,0.0,1.0,0.5
中山,芝,1200,阪神,56,8,14,0.1429,0.25,0.254237
中山,芝,1600,中京,52,1,7,0.0192,0.1346,0.145455
中山,芝,1600,中山,230,19,62,0.0826,0.2696,0.270386
中山,芝,1600,京都,17,1,2,0.0588,0.1176,0.15
中山,芝,1600,函館,6,0,1,0.0,0.1667,0.222222
中山,芝,1600,名古,4,0,0,0.0,0.0,0.142857
中山,芝,1600,園田,1,0,0,0.0,0.0,0.25
中山,芝,1600,大井,2,0,0,0.0,0.0,0.2
中山,芝,1600,小倉,17,1,3,0.0588,0.1765,0.2
中山,芝,1600,川崎,2,0,0,0.0,0.0,0.2
中山,芝,1600,新潟,77,5,16,0.0649,0.2078,0.2125
中山,芝,1600,札幌,54,7,13,0.1296,0.2407,0.245614
中山,芝,1600,東京,204,19,53,0.0931,0.2598,0.26087
中山,芝,1600,水沢,1,0,0,0.0,0.0,0.25
中山,芝,1600,盛岡,5,0,0,0.0,0.0,0.125
中山,芝,1600,福島,22,1,3,0.0455,0.1364,0.16
中山,芝,1600,笠松,2,0,0,0.0,0.0,0.2
中山,芝,1600,船橋,5,0,0,0.0,0.0,0.125
中山,芝,1600,金沢,2,0,0,0.0,0.0,0.2
中山,芝,1600,門別,3,0,0,0.0,0.0,0.166667
中山,芝,1600,阪神,59,4,14,0.0678,0.2373,0.241935
中山,芝,1800,中京,18,1,4,0.0556,0.2222,0.238095
中山,芝,1800,中山,121,12,35,0.0992,0.2893,0.290323
中山,芝,1800,京都,18,2,7,0.1111,0.3889,0.380952
中山,芝,1800,函館,2,1,1,0.5,0.5,0.4
中山,芝,1800,園田,3,0,0,0.0,0.0,0.166667
中山,芝,1800,小倉,29,2,7,0.069,0.2414,0.25
中山,芝,1800,新潟,46,2,4,0.0435,0.087,0.102041
中山,芝,1800,札幌,26,2,8,0.0769,0.3077,0.310345
中山,芝,1800,東京,126,10,33,0.0794,0.2619,0.263566
中山,芝,1800,盛岡,1,0,0,0.0,0.0,0.25
中山,芝,1800,福島,33,1,4,0.0303,0.1212,0.138889
中山,芝,1800,門別,1,0,0,0.0,0.0,0.25
中山,芝,1800,阪神,27,3,5,0.1111,0.1852,0.2
中山,芝,2000,中京,23,0,5,0.0,0.2174,0.230769
中山,芝,2000,中山,123,11,30,0.0894,0.2439,0.246032
中山,芝,2000,京都,7,0,0,0.0,0.0,0.1
中山,芝,2000,函館,4,0,0,0.0,0.0,0.142857
中山,芝,2000,小倉,23,2,7,0.087,0.3043,0.307692
中山,芝,2000,新潟,33,2,9,0.0606,0.2727,0.277778
中山,芝,2000,札幌,23,2,5,0.087,0.2174,0.230769
中山,芝,2000,東京,87,5,20,0.0575,0.2299,0.233333
中山,芝,2000,水沢,1,0,0,0.0,0.0,0.25
中山,芝,2000,福島,38,5,10,0.1316,0.2632,0.268293
中山,芝,2000,阪神,25,3,4,0.12,0.16,0.178571
中山,芝,2200,中京,15,2,5,0.1333,0.3333,0.333333
中山,芝,2200,中山,90,6,22,0.0667,0.2444,0.247312
中山,芝,2200,京都,4,1,3,0.25,0.75,0.571429
中山,芝,2200,佐賀,1,0,0,0.0,0.0,0.25
中山,芝,2200,函館,2,0,1,0.0,0.5,0.4
中山,芝,2200,園田,1,0,0,0.0,0.0,0.25
中山,芝,2200,小倉,3,0,0,0.0,0.0,0.166667
中山,芝,2200,川崎,1,0,0,0.0,0.0,0.25
中山,芝,2200,新潟,4,0,1,0.0,0.25,0.285714
中山,芝,2200,札幌,6,1,1,0.1667,0.1667,0.222222
中山,芝,2200,東京,35,5,12,0.1429,0.3429,0.342105
中山,芝,2200,水沢,1,0,0,0.0,0.0,0.25
中山,芝,2200,浦和,1,0,0,0.0,0.0,0.25
中山,芝,2200,福島,11,1,4,0.0909,0.3636,0.357143
中山,芝,2200,門別,1,0,0,0.0,0.0,0.25
中山,芝,2200,阪神,15,0,0,0.0,0.0,0.055556
中山,芝,2500,中京,4,0,1,0.0,0.25,0.285714
中山,芝,2500,中山,41,2,8,0.0488,0.1951,0.204545
中山,芝,2500,京都,12,2,4,0.1667,0.3333,0.333333
中山,芝,2500,小倉,15,1,6,0.0667,0.4,0.388889
中山,芝,2500,新潟,21,3,7,0.1429,0.3333,0.333333
中山,芝,2500,札幌,14,2,3,0.1429,0.2143,0.235294
中山,芝,2500,東京,54,4,13,0.0741,0.2407,0.245614
中山,芝,2500,福島,25,2,5,0.08,0.2,0.214286
中山,芝,2500,船橋,1,0,0,0.0,0.0,0.25
中山,芝,2500,阪神,24,1,4,0.0417,0.1667,0.185185
京都,ダ,1200,中京,57,5,14,0.0877,0.2456,0.25
京都,ダ,1200,中山,63,2,10,0.0317,0.1587,0.166667
京都,ダ,1200,京都,146,14,41,0.0959,0.2808,0.281879
京都,ダ,1200,函館,2,0,0,0.0,0.0,0.2
京都,ダ,1200,園田,2,0,0,0.0,0.0,0.2
京都,ダ,1200,姫路,2,0,0,0.0,0.0,0.2
京都,ダ,1200,小倉,25,0,1,0.0,0.04,0.071429
京都,ダ,1200,新潟,34,3,6,0.0882,0.1765,0.189189
京都,ダ,1200,札幌,5,0,0,0.0,0.0,0.125
京都,ダ,1200,東京,26,1,3,0.0385,0.1154,0.137931
京都,ダ,1200,浦和,3,0,0,0.0,0.0,0.166667
京都,ダ,1200,福島,37,1,4,0.027,0.1081,0.125
京都,ダ,1200,笠松,2,0,0,0.0,0.0,0.2
京都,ダ,1200,門別,1,0,0,0.0,0.0,0.25
京都,ダ,1200,阪神,157,11,32,0.0701,0.2038,0.20625
京都,ダ,1200,高知,2,0,0,0.0,0.0,0.2
京都,ダ,1400,中京,59,5,11,0.0847,0.1864,0.193548
京都,ダ,1400,中山,24,1,2,0.0417,0.0833,0.111111
京都,ダ,1400,京都,187,10,40,0.0535,0.2139,0.215789
京都,ダ,1400,名古,3,0,1,0.0,0.3333,0.333333
京都,ダ,1400,園田,8,0,2,0.0,0.25,0.272727
京都,ダ,1400,大井,2,0,0,0.0,0.0,0.2
京都,ダ,1400,小倉,21,3,5,0.1429,0.2381,0.25
京都,ダ,1400,川崎,2,0,0,0.0,0.0,0.2
京都,ダ,1400,新潟,8,0,1,0.0,0.125,0.181818
京都,ダ,1400,札幌,8,0,0,0.0,0.0,0.090909
京都,ダ,1400,東京,54,2,9,0.037,0.1667,0.175439
京都,ダ,1400,水沢,1,0,0,0.0,0.0,0.25
京都,ダ,1400,浦和,1,0,0,0.0,0.0,0.25
京都,ダ,1400,福島,17,0,2,0.0,0.1176,0.15
京都,ダ,1400,笠松,6,1,1,0.1667,0.1667,0.222222
京都,ダ,1400,船橋,1,0,0,0.0,0.0,0.25
京都,ダ,1400,金沢,2,0,0,0.0,0.0,0.2
京都,ダ,1400,阪神,188,18,46,0.0957,0.2447,0.246073
京都,ダ,1400,高知,2,0,0,0.0,0.0,0.2
京都,ダ,1800,,1,0,0,0.0,0.0,0.25
京都,ダ,1800,アメリカ,1,0,0,0.0,0.0,0.25
京都,ダ,1800,中京,61,4,14,0.0656,0.2295,0.234375
京都,ダ,1800,中山,70,3,11,0.0429,0.1571,0.164384
京都,ダ,1800,京都,265,25,76,0.0943,0.2868,0.287313
京都,ダ,1800,函館,4,0,1,0.0,0.25,0.285714
京都,ダ,1800,名古,4,0,0,0.0,0.0,0.142857
京都,ダ,1800,園田,8,0,0,0.0,0.0,0.090909
京都,ダ,1800,大井,3,1,2,0.3333,0.6667,0.5
京都,ダ,1800,姫路,1,0,0,0.0,0.0,0.25
京都,ダ,1800,小倉,47,5,9,0.1064,0.1915,0.2
京都,ダ,1800,川崎,3,0,0,0.0,0.0,0.166667
京都,ダ,1800,新潟,56,0,14,0.0,0.25,0.254237
京都,ダ,1800,札幌,18,1,5,0.0556,0.2778,0.285714
京都,ダ,1800,東京,36,2,5,0.0556,0.1389,0.153846
京都,ダ,1800,浦和,2,0,0,0.0,0.0,0.2
京都,ダ,1800,盛岡,1,0,0,0.0,0.0,0.25
京都,ダ,1800,福島,20,1,3,0.05,0.15,0.173913
京都,ダ,1800,笠松,6,0,0,0.0,0.0,0.111111
京都,ダ,1800,金沢,1,0,0,0.0,0.0,0.25
京都,ダ,1800,門別,1,0,0,0.0,0.0,0.25
京都,ダ,1800,阪神,220,23,55,0.1045,0.25,0.251121
京都,ダ,1800,高知,2,0,0,0.0,0.0,0.2
京都,ダ,1900,中京,35,2,10,0.0571,0.2857,0.289474
京都,ダ,1900,中山,34,3,12,0.0882,0.3529,0.351351
京都,ダ,1900,京都,98,8,26,0.0816,0.2653,0.267327
京都,ダ,1900,名古,1,0,0,0.0,0.0,0.25
京都,ダ,1900,園田,2,0,1,0.0,0.5,0.4
京都,ダ,1900,小倉,10,1,2,0.1,0.2,0.230769
京都,ダ,1900,新潟,17,0,0,0.0,0.0,0.05
京都,ダ,1900,札幌,3,0,1,0.0,0.3333,0.333333
京都,ダ,1900,東京,26,2,3,0.0769,0.1154,0.137931
京都,ダ,1900,福島,8,0,0,0.0,0.0,0.090909
京都,ダ,1900,笠松,1,0,0,0.0,0.0,0.25
京都,ダ,1900,船橋,3,0,0,0.0,0.0,0.166667
京都,ダ,1900,阪神,89,9,20,0.1011,0.2247,0.228261
京都,芝,1200,中京,17,1,3,0.0588,0.1765,0.2
京都,芝,1200,中山,26,1,3,0.0385,0.1154,0.137931
京都,芝,1200,京都,48,3,12,0.0625,0.25,0.254902
京都,芝,1200,函館,1,0,0,0.0,0.0,0.25
京都,芝,1200,園田,1,0,0,0.0,0.0,0.25
京都,芝,1200,大井,1,0,0,0.0,0.0,0.25
京都,芝,1200,小倉,27,3,5,0.1111,0.1852,0.2
京都,芝,1200,新潟,28,0,2,0.0,0.0714,0.096774
京都,芝,1200,札幌,10,0,2,0.0,0.2,0.230769
京都,芝,1200,東京,6,0,0,0.0,0.0,0.111111
京都,芝,1200,福島,22,4,9,0.1818,0.4091,0.4
京都,芝,1200,門別,1,0,0,0.0,0.0,0.25
京都,芝,1200,阪神,54,4,12,0.0741,0.2222,0.22807
京都,芝,1400,中京,50,0,10,0.0,0.2,0.207547
京都,芝,1400,中山,17,1,3,0.0588,0.1765,0.2
京都,芝,1400,京都,126,8,28,0.0635,0.2222,0.224806
京都,芝,1400,函館,4,0,0,0.0,0.0,0.142857
京都,芝,1400,名古,1,1,1,1.0,1.0,0.5
京都,芝,1400,園田,4,0,0,0.0,0.0,0.142857
京都,芝,1400,小倉,28,0,3,0.0,0.1071,0.129032
京都,芝,1400,新潟,28,1,3,0.0357,0.1071,0.129032
京都,芝,1400,札幌,10,1,2,0.1,0.2,0.230769
京都,芝,1400,東京,27,0,5,0.0,0.1852,0.2
京都,芝,1400,福島,12,0,0,0.0,0.0,0.066667
京都,芝,1400,笠松,1,0,0,0.0,0.0,0.25
京都,芝,1400,阪神,134,19,38,0.1418,0.2836,0.284672
京都,芝,1600,中京,35,2,9,0.0571,0.2571,0.263158
京都,芝,1600,中山,32,1,7,0.0312,0.2188,0.228571
京都,芝,1600,京都,148,8,41,0.0541,0.277,0.278146
京都,芝,1600,函館,1,0,0,0.0,0.0,0.25
京都,芝,1600,園田,3,0,1,0.0,0.3333,0.333333
京都,芝,1600,小倉,18,1,4,0.0556,0.2222,0.238095
京都,芝,1600,新潟,26,1,3,0.0385,0.1154,0.137931
京都,芝,1600,札幌,6,1,1,0.1667,0.1667,0.222222
京都,芝,1600,東京,33,3,6,0.0909,0.1818,0.194444
京都,芝,1600,福島,12,1,1,0.0833,0.0833,0.133333
京都,芝,1600,笠松,1,0,0,0.0,0.0,0.25
京都,芝,1600,船橋,1,0,0,0.0,0.0,0.25
京都,芝,1600,阪神,120,19,38,0.1583,0.3167,0.317073
京都,芝,1800,中京,21,2,6,0.0952,0.2857,0.291667
京都,芝,1800,中山,27,2,10,0.0741,0.3704,0.366667
京都,芝,1800,京都,59,6,20,0.1017,0.339,0.33871
京都,芝,1800,函館,1,0,0,0.0,0.0,0.25
京都,芝,1800,名古,1,0,0,0.0,0.0,0.25
京都,芝,1800,小倉,29,4,11,0.1379,0.3793,0.375
京都,芝,1800,川崎,1,0,0,0.0,0.0,0.25
京都,芝,1800,新潟,16,0,2,0.0,0.125,0.157895
京都,芝,1800,札幌,3,0,1,0.0,0.3333,0.333333
京都,芝,1800,東京,16,2,4,0.125,0.25,0.263158
京都,芝,1800,福島,14,3,6,0.2143,0.4286,0.411765
京都,芝,1800,阪神,92,10,27,0.1087,0.2935,0.294737
京都,芝,2000,中京,13,0,0,0.0,0.0,0.0625
京都,芝,2000,中山,26,3,7,0.1154,0.2692,0.275862
京都,芝,2000,京都,94,6,27,0.0638,0.2872,0.28866
京都,芝,2000,園田,1,0,0,0.0,0.0,0.25
京都,芝,2000,大井,1,0,0,0.0,0.0,0.25
京都,芝,2000,小倉,14,2,3,0.1429,0.2143,0.235294
京都,芝,2000,新潟,19,2,7,0.1053,0.3684,0.363636
京都,芝,2000,札幌,6,2,4,0.3333,0.6667,0.555556
京都,芝,2000,東京,28,2,6,0.0714,0.2143,0.225806
京都,芝,2000,福島,11,1,4,0.0909,0.3636,0.357143
京都,芝,2000,阪神,70,8,20,0.1143,0.2857,0.287671
京都,芝,2200,中京,13,1,4,0.0769,0.3077,0.3125
京都,芝,2200,中山,12,1,2,0.0833,0.1667,0.2
京都,芝,2200,京都,47,5,12,0.1064,0.2553,0.26
京都,芝,2200,函館,1,0,0,0.0,0.0,0.25
京都,芝,2200,小倉,10,0,0,0.0,0.0,0.076923
京都,芝,2200,新潟,6,0,2,0.0,0.3333,0.333333
京都,芝,2200,札幌,3,1,1,0.3333,0.3333,0.333333
京都,芝,2200,東京,6,1,2,0.1667,0.3333,0.333333
京都,芝,2200,福島,7,1,2,0.1429,0.2857,0.3
京都,芝,2200,阪神,52,4,17,0.0769,0.3269,0.327273
京都,芝,2400,中京,6,0,1,0.0,0.1667,0.222222
京都,芝,2400,中山,8,0,1,0.0,0.125,0.181818
京都,芝,2400,京都,38,5,11,0.1316,0.2895,0.292683
京都,芝,2400,園田,1,0,0,0.0,0.0,0.25
京都,芝,2400,小倉,9,1,3,0.1111,0.3333,0.333333
京都,芝,2400,新潟,7,1,4,0.1429,0.5714,0.5
京都,芝,2400,札幌,3,0,1,0.0,0.3333,0.333333
京都,芝,2400,東京,7,1,4,0.1429,0.5714,0.5
京都,芝,2400,福島,7,0,2,0.0,0.2857,0.3
京都,芝,2400,阪神,30,3,6,0.1,0.2,0.212121
京都,芝,3000,京都,1,0,0,0.0,0.0,0.25
京都,芝,3000,小倉,1,0,0,0.0,0.0,0.25
京都,芝,3000,新潟,2,0,0,0.0,0.0,0.2
京都,芝,3000,札幌,4,0,0,0.0,0.0,0.142857
京都,芝,3000,東京,5,1,3,0.2,0.6,0.5
京都,芝,3000,阪神,4,0,0,0.0,0.0,0.142857
函館,ダ,1000,中京,10,0,2,0.0,0.2,0.230769
函館,ダ,1000,中山,23,1,5,0.0435,0.2174,0.230769
函館,ダ,1000,京都,10,2,4,0.2,0.4,0.384615
函館,ダ,1000,函館,125,13,36,0.104,0.288,0.289062
函館,ダ,1000,園田,2,0,0,0.0,0.0,0.2
函館,ダ,1000,大井,2,0,1,0.0,0.5,0.4
函館,ダ,1000,小倉,19,3,5,0.1579,0.2632,0.272727
函館,ダ,1000,川崎,2,0,1,0.0,0.5,0.4
函館,ダ,1000,新潟,39,2,8,0.0513,0.2051,0.214286
函館,ダ,1000,東京,15,1,2,0.0667,0.1333,0.166667
函館,ダ,1000,盛岡,1,0,0,0.0,0.0,0.25
函館,ダ,1000,福島,13,1,3,0.0769,0.2308,0.25
函館,ダ,1000,金沢,1,0,0,0.0,0.0,0.25
函館,ダ,1000,門別,2,0,1,0.0,0.5,0.4
函館,ダ,1000,阪神,15,1,4,0.0667,0.2667,0.277778
函館,ダ,1700,中京,34,5,7,0.1471,0.2059,0.216216
函館,ダ,1700,中山,40,3,9,0.075,0.225,0.232558
函館,ダ,1700,京都,64,8,20,0.125,0.3125,0.313433
函館,ダ,1700,函館,258,20,65,0.0775,0.2519,0.252874
函館,ダ,1700,名古,2,0,0,0.0,0.0,0.2
函館,ダ,1700,園田,2,1,1,0.5,0.5,0.4
函館,ダ,1700,大井,1,0,0,0.0,0.0,0.25
函館,ダ,1700,小倉,21,1,3,0.0476,0.1429,0.166667
函館,ダ,1700,川崎,1,0,0,0.0,0.0,0.25
函館,ダ,1700,新潟,48,2,11,0.0417,0.2292,0.235294
函館,ダ,1700,東京,90,4,18,0.0444,0.2,0.204301
函館,ダ,1700,福島,40,3,11,0.075,0.275,0.27907
函館,ダ,1700,笠松,4,0,0,0.0,0.0,0.142857
函館,ダ,1700,船橋,1,0,0,0.0,0.0,0.25
函館,ダ,1700,金沢,1,1,1,1.0,1.0,0.5
函館,ダ,1700,門別,1,0,0,0.0,0.0,0.25
函館,ダ,1700,阪神,48,6,16,0.125,0.3333,0.333333
函館,ダ,2400,中山,5,1,3,0.2,0.6,0.5
函館,ダ,2400,京都,2,1,1,0.5,0.5,0.4
函館,ダ,2400,函館,9,1,2,0.1111,0.2222,0.25
函館,ダ,2400,新潟,1,0,0,0.0,0.0,0.25
函館,ダ,2400,札幌,1,0,0,0.0,0.0,0.25
函館,ダ,2400,東京,8,0,2,0.0,0.25,0.272727
函館,ダ,2400,福島,1,0,1,0.0,1.0,0.5
函館,ダ,2400,阪神,2,0,0,0.0,0.0,0.2
函館,芝,1200,中京,36,0,4,0.0,0.1111,0.128205
函館,芝,1200,中山,56,6,15,0.1071,0.2679,0.271186
函館,芝,1200,京都,46,6,17,0.1304,0.3696,0.367347
函館,芝,1200,佐賀,1,0,0,0.0,0.0,0.25
函館,芝,1200,函館,331,25,81,0.0755,0.2447,0.245509
函館,芝,1200,園田,1,0,0,0.0,0.0,0.25
函館,芝,1200,小倉,21,1,2,0.0476,0.0952,0.125
函館,芝,1200,新潟,82,5,13,0.061,0.1585,0.164706
函館,芝,1200,札幌,1,0,0,0.0,0.0,0.25
函館,芝,1200,東京,48,4,13,0.0833,0.2708,0.27451
函館,芝,1200,福島,41,1,10,0.0244,0.2439,0.25
函館,芝,1200,門別,2,0,0,0.0,0.0,0.2
函館,芝,1200,阪神,64,10,16,0.1562,0.25,0.253731
函館,芝,1800,中京,16,1,3,0.0625,0.1875,0.210526
函館,芝,1800,中山,45,6,12,0.1333,0.2667,0.270833
函館,芝,1800,京都,26,0,2,0.0,0.0769,0.103448
函館,芝,1800,函館,105,10,27,0.0952,0.2571,0.259259
函館,芝,1800,大井,1,0,0,0.0,0.0,0.25
函館,芝,1800,小倉,11,0,1,0.0,0.0909,0.142857
函館,芝,1800,新潟,21,1,4,0.0476,0.1905,0.208333
函館,芝,1800,東京,34,2,11,0.0588,0.3235,0.324324
函館,芝,1800,福島,22,1,5,0.0455,0.2273,0.24
函館,芝,1800,阪神,41,5,13,0.122,0.3171,0.318182
函館,芝,2000,中京,12,0,1,0.0,0.0833,0.133333
函館,芝,2000,中山,23,1,3,0.0435,0.1304,0.153846
函館,芝,2000,京都,7,0,0,0.0,0.0,0.1
函館,芝,2000,函館,75,6,24,0.08,0.32,0.320513
函館,芝,2000,小倉,7,2,2,0.2857,0.2857,0.3
函館,芝,2000,新潟,20,2,7,0.1,0.35,0.347826
函館,芝,2000,東京,24,3,7,0.125,0.2917,0.296296
函館,芝,2000,福島,21,3,5,0.1429,0.2381,0.25
函館,芝,2000,船橋,1,0,0,0.0,0.0,0.25
函館,芝,2000,阪神,17,2,8,0.1176,0.4706,0.45
函館,芝,2600,中京,8,2,3,0.25,0.375,0.363636
函館,芝,2600,中山,9,0,5,0.0,0.5556,0.5
函館,芝,2600,京都,7,1,1,0.1429,0.1429,0.2
函館,芝,2600,函館,62,4,15,0.0645,0.2419,0.246154
函館,芝,2600,小倉,2,1,1,0.5,0.5,0.4
函館,芝,2600,新潟,12,0,4,0.0,0.3333,0.333333
函館,芝,2600,東京,5,0,0,0.0,0.0,0.125
函館,芝,2600,福島,17,3,5,0.1765,0.2941,0.3
函館,芝,2600,阪神,10,1,2,0.1,0.2,0.230769
小倉,ダ,1000,中京,51,8,18,0.1569,0.3529,0.351852
小倉,ダ,1000,中山,9,2,2,0.2222,0.2222,0.25
小倉,ダ,1000,京都,34,1,7,0.0294,0.2059,0.216216
小倉,ダ,1000,佐賀,1,0,0,0.0,0.0,0.25
小倉,ダ,1000,函館,3,0,0,0.0,0.0,0.166667
小倉,ダ,1000,名古,2,0,0,0.0,0.0,0.2
小倉,ダ,1000,園田,8,0,0,0.0,0.0,0.090909
小倉,ダ,1000,小倉,83,5,22,0.0602,0.2651,0.267442
小倉,ダ,1000,川崎,3,0,0,0.0,0.0,0.166667
小倉,ダ,1000,新潟,31,0,7,0.0,0.2258,0.235294
小倉,ダ,1000,札幌,6,0,1,0.0,0.1667,0.222222
小倉,ダ,1000,東京,9,2,2,0.2222,0.2222,0.25
小倉,ダ,1000,福島,27,2,2,0.0741,0.0741,0.1
小倉,ダ,1000,笠松,2,0,0,0.0,0.0,0.2
小倉,ダ,1000,船橋,1,0,0,0.0,0.0,0.25
小倉,ダ,1000,金沢,2,0,0,0.0,0.0,0.2
小倉,ダ,1000,門別,2,1,1,0.5,0.5,0.4
小倉,ダ,1000,阪神,58,4,13,0.069,0.2241,0.229508
小倉,ダ,1700,中京,248,23,49,0.0927,0.1976,0.199203
小倉,ダ,1700,中山,53,2,8,0.0377,0.1509,0.160714
小倉,ダ,1700,京都,151,11,30,0.0728,0.1987,0.201299
小倉,ダ,1700,佐賀,2,0,0,0.0,0.0,0.2
小倉,ダ,1700,函館,8,0,0,0.0,0.0,0.090909
小倉,ダ,1700,名古,6,0,0,0.0,0.0,0.111111
小倉,ダ,1700,園田,20,0,3,0.0,0.15,0.173913
小倉,ダ,1700,大井,2,0,0,0.0,0.0,0.2
小倉,ダ,1700,姫路,1,0,0,0.0,0.0,0.25
小倉,ダ,1700,小倉,417,28,92,0.0671,0.2206,0.221429
小倉,ダ,1700,川崎,4,0,1,0.0,0.25,0.285714
小倉,ダ,1700,新潟,59,6,19,0.1017,0.322,0.322581
小倉,ダ,1700,札幌,23,0,6,0.0,0.2609,0.269231
小倉,ダ,1700,東京,76,5,21,0.0658,0.2763,0.278481
小倉,ダ,1700,浦和,4,0,0,0.0,0.0,0.142857
小倉,ダ,1700,盛岡,1,0,0,0.0,0.0,0.25
小倉,ダ,1700,福島,84,5,15,0.0595,0.1786,0.183908
小倉,ダ,1700,笠松,8,0,0,0.0,0.0,0.090909
小倉,ダ,1700,船橋,5,0,0,0.0,0.0,0.125
小倉,ダ,1700,金沢,5,0,1,0.0,0.2,0.25
小倉,ダ,1700,門別,2,0,0,0.0,0.0,0.2
小倉,ダ,1700,阪神,231,16,41,0.0693,0.1775,0.179487
小倉,ダ,1700,高知,2,0,2,0.0,1.0,0.6
小倉,ダ,2400,中京,10,0,1,0.0,0.1,0.153846
小倉,ダ,2400,中山,3,0,0,0.0,0.0,0.166667
小倉,ダ,2400,京都,2,0,1,0.0,0.5,0.4
小倉,ダ,2400,園田,1,0,0,0.0,0.0,0.25
小倉,ダ,2400,小倉,10,1,2,0.1,0.2,0.230769
小倉,ダ,2400,新潟,3,0,0,0.0,0.0,0.166667
小倉,ダ,2400,札幌,3,1,3,0.3333,1.0,0.666667
小倉,ダ,2400,東京,2,1,1,0.5,0.5,0.4
小倉,ダ,2400,福島,3,0,1,0.0,0.3333,0.333333
小倉,芝,1200,中京,171,16,40,0.0936,0.2339,0.235632
小倉,芝,1200,中山,57,2,10,0.0351,0.1754,0.183333
小倉,芝,1200,京都,125,9,30,0.072,0.24,0.242188
小倉,芝,1200,佐賀,5,0,1,0.0,0.2,0.25
小倉,芝,1200,函館,12,1,1,0.0833,0.0833,0.133333
小倉,芝,1200,名古,2,0,0,0.0,0.0,0.2
小倉,芝,1200,園田,10,0,1,0.0,0.1,0.153846
小倉,芝,1200,大井,2,0,0,0.0,0.0,0.2
小倉,芝,1200,小倉,428,26,87,0.0607,0.2033,0.204176
小倉,芝,1200,川崎,3,0,0,0.0,0.0,0.166667
小倉,芝,1200,新潟,74,4,12,0.0541,0.1622,0.168831
小倉,芝,1200,札幌,16,2,5,0.125,0.3125,0.315789
小倉,芝,1200,東京,19,3,8,0.1579,0.4211,0.409091
小倉,芝,1200,浦和,1,0,0,0.0,0.0,0.25
小倉,芝,1200,福島,145,7,18,0.0483,0.1241,0.128378
小倉,芝,1200,金沢,5,0,1,0.0,0.2,0.25
小倉,芝,1200,門別,2,0,0,0.0,0.0,0.2
小倉,芝,1200,阪神,126,10,26,0.0794,0.2063,0.209302
小倉,芝,1800,中京,80,11,21,0.1375,0.2625,0.26506
小倉,芝,1800,中山,30,4,12,0.1333,0.4,0.393939
小倉,芝,1800,京都,67,8,13,0.1194,0.194,0.2
小倉,芝,1800,函館,3,0,0,0.0,0.0,0.166667
小倉,芝,1800,名古,2,0,0,0.0,0.0,0.2
小倉,芝,1800,小倉,188,11,44,0.0585,0.234,0.235602
小倉,芝,1800,新潟,46,2,6,0.0435,0.1304,0.142857
小倉,芝,1800,札幌,11,1,2,0.0909,0.1818,0.214286
小倉,芝,1800,東京,40,4,11,0.1,0.275,0.27907
小倉,芝,1800,水沢,1,0,0,0.0,0.0,0.25
小倉,芝,1800,盛岡,1,0,0,0.0,0.0,0.25
小倉,芝,1800,福島,55,2,12,0.0364,0.2182,0.224138
小倉,芝,1800,笠松,1,0,0,0.0,0.0,0.25
小倉,芝,1800,金沢,1,0,0,0.0,0.0,0.25
小倉,芝,1800,阪神,87,4,20,0.046,0.2299,0.233333
小倉,芝,2000,中京,97,12,25,0.1237,0.2577,0.26
小倉,芝,2000,中山,29,6,9,0.2069,0.3103,0.3125
小倉,芝,2000,京都,53,5,16,0.0943,0.3019,0.303571
小倉,芝,2000,函館,3,0,0,0.0,0.0,0.166667
小倉,芝,2000,名古,1,0,0,0.0,0.0,0.25
小倉,芝,2000,園田,1,0,0,0.0,0.0,0.25
小倉,芝,2000,小倉,187,7,41,0.0374,0.2193,0.221053
小倉,芝,2000,川崎,2,0,0,0.0,0.0,0.2
小倉,芝,2000,新潟,24,2,6,0.0833,0.25,0.259259
小倉,芝,2000,札幌,5,0,2,0.0,0.4,0.375
小倉,芝,2000,東京,25,3,11,0.12,0.44,0.428571
小倉,芝,2000,浦和,1,0,0,0.0,0.0,0.25
小倉,芝,2000,福島,33,2,7,0.0606,0.2121,0.222222
小倉,芝,2000,笠松,1,0,1,0.0,1.0,0.5
小倉,芝,2000,船橋,1,0,0,0.0,0.0,0.25
小倉,芝,2000,阪神,51,6,11,0.1176,0.2157,0.222222
小倉,芝,2600,中京,25,3,9,0.12,0.36,0.357143
小倉,芝,2600,中山,17,2,7,0.1176,0.4118,0.4
小倉,芝,2600,京都,23,1,6,0.0435,0.2609,0.269231
小倉,芝,2600,函館,1,0,0,0.0,0.0,0.25
小倉,芝,2600,小倉,79,5,20,0.0633,0.2532,0.256098
小倉,芝,2600,新潟,14,1,2,0.0714,0.1429,0.176471
小倉,芝,2600,札幌,7,1,1,0.1429,0.1429,0.2
小倉,芝,2600,東京,10,2,4,0.2,0.4,0.384615
小倉,芝,2600,福島,22,1,3,0.0455,0.1364,0.16
小倉,芝,2600,笠松,1,0,0,0.0,0.0,0.25
小倉,芝,2600,金沢,1,0,0,0.0,0.0,0.25
小倉,芝,2600,阪神,35,4,8,0.1143,0.2286,0.236842
新潟,ダ,1200,中京,83,11,27,0.1325,0.3253,0.325581
新潟,ダ,1200,中山,147,10,24,0.068,0.1633,0.166667
新潟,ダ,1200,京都,37,3,6,0.0811,0.1622,0.175
新潟,ダ,1200,佐賀,4,0,0,0.0,0.0,0.142857
新潟,ダ,1200,函館,8,1,3,0.125,0.375,0.363636
新潟,ダ,1200,名古,4,0,0,0.0,0.0,0.142857
新潟,ダ,1200,園田,16,0,2,0.0,0.125,0.157895
新潟,ダ,1200,大井,4,0,2,0.0,0.5,0.428571
新潟,ダ,1200,小倉,41,4,10,0.0976,0.2439,0.25
新潟,ダ,1200,川崎,5,0,0,0.0,0.0,0.125
新潟,ダ,1200,新潟,188,18,49,0.0957,0.2606,0.26178
新潟,ダ,1200,札幌,19,1,2,0.0526,0.1053,0.136364
新潟,ダ,1200,東京,146,6,22,0.0411,0.1507,0.154362
新潟,ダ,1200,浦和,6,0,2,0.0,0.3333,0.333333
新潟,ダ,1200,盛岡,1,0,0,0.0,0.0,0.25
新潟,ダ,1200,福島,131,5,23,0.0382,0.1756,0.179104
新潟,ダ,1200,笠松,4,0,0,0.0,0.0,0.142857
新潟,ダ,1200,金沢,3,0,1,0.0,0.3333,0.333333
新潟,ダ,1200,門別,7,0,0,0.0,0.0,0.1
新潟,ダ,1200,阪神,106,9,28,0.0849,0.2642,0.266055
新潟,ダ,1800,中京,115,11,33,0.0957,0.287,0.288136
新潟,ダ,1800,中山,135,13,27,0.0963,0.2,0.202899
新潟,ダ,1800,京都,48,1,9,0.0208,0.1875,0.196078
新潟,ダ,1800,函館,17,0,1,0.0,0.0588,0.1
新潟,ダ,1800,名古,2,0,0,0.0,0.0,0.2
新潟,ダ,1800,園田,4,1,1,0.25,0.25,0.285714
新潟,ダ,1800,大井,3,0,0,0.0,0.0,0.166667
新潟,ダ,1800,姫路,1,0,0,0.0,0.0,0.25
新潟,ダ,1800,小倉,79,10,21,0.1266,0.2658,0.268293
新潟,ダ,1800,川崎,3,0,0,0.0,0.0,0.166667
新潟,ダ,1800,新潟,199,13,48,0.0653,0.2412,0.242574
新潟,ダ,1800,札幌,15,1,1,0.0667,0.0667,0.111111
新潟,ダ,1800,東京,181,8,32,0.0442,0.1768,0.179348
新潟,ダ,1800,浦和,1,0,0,0.0,0.0,0.25
新潟,ダ,1800,盛岡,2,0,0,0.0,0.0,0.2
新潟,ダ,1800,福島,193,13,42,0.0674,0.2176,0.219388
新潟,ダ,1800,笠松,3,0,1,0.0,0.3333,0.333333
新潟,ダ,1800,船橋,3,0,1,0.0,0.3333,0.333333
新潟,ダ,1800,金沢,3,0,1,0.0,0.3333,0.333333
新潟,ダ,1800,門別,3,0,0,0.0,0.0,0.166667
新潟,ダ,1800,阪神,108,10,25,0.0926,0.2315,0.234234
新潟,芝,1000,中京,23,3,4,0.1304,0.1739,0.192308
新潟,芝,1000,中山,76,7,20,0.0921,0.2632,0.265823
新潟,芝,1000,京都,16,1,3,0.0625,0.1875,0.210526
新潟,芝,1000,函館,19,0,2,0.0,0.1053,0.136364
新潟,芝,1000,名古,3,0,0,0.0,0.0,0.166667
新潟,芝,1000,園田,1,0,0,0.0,0.0,0.25
新潟,芝,1000,大井,1,0,0,0.0,0.0,0.25
新潟,芝,1000,姫路,2,0,0,0.0,0.0,0.2
新潟,芝,1000,小倉,80,1,11,0.0125,0.1375,0.144578
新潟,芝,1000,川崎,2,0,0,0.0,0.0,0.2
新潟,芝,1000,新潟,227,18,45,0.0793,0.1982,0.2
新潟,芝,1000,札幌,17,1,2,0.0588,0.1176,0.15
新潟,芝,1000,東京,31,1,5,0.0323,0.1613,0.176471
新潟,芝,1000,浦和,2,0,1,0.0,0.5,0.4
新潟,芝,1000,盛岡,2,0,0,0.0,0.0,0.2
新潟,芝,1000,福島,66,3,11,0.0455,0.1667,0.173913
新潟,芝,1000,笠松,2,0,0,0.0,0.0,0.2
新潟,芝,1000,船橋,1,0,0,0.0,0.0,0.25
新潟,芝,1000,金沢,2,0,0,0.0,0.0,0.2
新潟,芝,1000,門別,2,0,0,0.0,0.0,0.2
新潟,芝,1000,阪神,33,1,4,0.0303,0.1212,0.138889
新潟,芝,1200,中京,29,2,6,0.069,0.2069,0.21875
新潟,芝,1200,中山,56,2,11,0.0357,0.1964,0.20339
新潟,芝,1200,京都,3,0,0,0.0,0.0,0.166667
新潟,芝,1200,函館,8,0,3,0.0,0.375,0.363636
新潟,芝,1200,名古,2,0,0,0.0,0.0,0.2
新潟,芝,1200,園田,1,0,0,0.0,0.0,0.25
新潟,芝,1200,小倉,42,5,11,0.119,0.2619,0.266667
新潟,芝,1200,新潟,55,5,10,0.0909,0.1818,0.189655
新潟,芝,1200,札幌,17,0,2,0.0,0.1176,0.15
新潟,芝,1200,東京,24,1,6,0.0417,0.25,0.259259
新潟,芝,1200,水沢,1,0,0,0.0,0.0,0.25
新潟,芝,1200,福島,75,4,12,0.0533,0.16,0.166667
新潟,芝,1200,笠松,2,0,0,0.0,0.0,0.2
新潟,芝,1200,門別,1,0,0,0.0,0.0,0.25
新潟,芝,1200,阪神,27,3,5,0.1111,0.1852,0.2
新潟,芝,1400,中京,46,5,12,0.1087,0.2609,0.265306
新潟,芝,1400,中山,23,0,3,0.0,0.1304,0.153846
新潟,芝,1400,京都,14,2,3,0.1429,0.2143,0.235294
新潟,芝,1400,佐賀,2,0,0,0.0,0.0,0.2
新潟,芝,1400,函館,8,0,0,0.0,0.0,0.090909
新潟,芝,1400,名古,2,0,0,0.0,0.0,0.2
新潟,芝,1400,園田,3,0,0,0.0,0.0,0.166667
新潟,芝,1400,大井,1,0,1,0.0,1.0,0.5
新潟,芝,1400,姫路,1,0,0,0.0,0.0,0.25
新潟,芝,1400,小倉,33,1,4,0.0303,0.1212,0.138889
新潟,芝,1400,新潟,66,2,14,0.0303,0.2121,0.217391
新潟,芝,1400,札幌,18,1,2,0.0556,0.1111,0.142857
新潟,芝,1400,東京,103,7,24,0.068,0.233,0.235849
新潟,芝,1400,盛岡,1,0,0,0.0,0.0,0.25
新潟,芝,1400,福島,41,3,5,0.0732,0.122,0.136364
新潟,芝,1400,笠松,2,0,0,0.0,0.0,0.2
新潟,芝,1400,金沢,2,0,0,0.0,0.0,0.2
新潟,芝,1400,阪神,28,3,5,0.1071,0.1786,0.193548
新潟,芝,1600,中京,61,4,11,0.0656,0.1803,0.1875
新潟,芝,1600,中山,33,0,3,0.0,0.0909,0.111111
新潟,芝,1600,京都,16,1,2,0.0625,0.125,0.157895
新潟,芝,1600,園田,1,0,1,0.0,1.0,0.5
新潟,芝,1600,小倉,16,0,4,0.0,0.25,0.263158
新潟,芝,1600,新潟,52,3,14,0.0577,0.2692,0.272727
新潟,芝,1600,札幌,3,0,0,0.0,0.0,0.166667
新潟,芝,1600,東京,70,3,11,0.0429,0.1571,0.164384
新潟,芝,1600,浦和,1,0,0,0.0,0.0,0.25
新潟,芝,1600,盛岡,2,0,0,0.0,0.0,0.2
新潟,芝,1600,福島,29,3,7,0.1034,0.2414,0.25
新潟,芝,1600,笠松,1,1,1,1.0,1.0,0.5
新潟,芝,1600,門別,1,0,0,0.0,0.0,0.25
新潟,芝,1600,阪神,38,7,12,0.1842,0.3158,0.317073
新潟,芝,1600,高知,1,0,0,0.0,0.0,0.25
新潟,芝,1800,中京,37,2,7,0.0541,0.1892,0.2
新潟,芝,1800,中山,52,5,14,0.0962,0.2692,0.272727
新潟,芝,1800,京都,25,4,7,0.16,0.28,0.285714
新潟,芝,1800,佐賀,1,0,0,0.0,0.0,0.25
新潟,芝,1800,函館,7,1,2,0.1429,0.2857,0.3
新潟,芝,1800,園田,2,0,0,0.0,0.0,0.2
新潟,芝,1800,小倉,37,3,6,0.0811,0.1622,0.175
新潟,芝,1800,新潟,79,6,18,0.0759,0.2278,0.231707
新潟,芝,1800,札幌,15,1,5,0.0667,0.3333,0.333333
新潟,芝,1800,東京,88,7,21,0.0795,0.2386,0.241758
新潟,芝,1800,盛岡,1,0,0,0.0,0.0,0.25
新潟,芝,1800,福島,72,2,16,0.0278,0.2222,0.226667
新潟,芝,1800,笠松,2,0,1,0.0,0.5,0.4
新潟,芝,1800,阪神,44,5,11,0.1136,0.25,0.255319
新潟,芝,2000,中京,40,3,13,0.075,0.325,0.325581
新潟,芝,2000,中山,22,2,6,0.0909,0.2727,0.28
新潟,芝,2000,京都,16,1,2,0.0625,0.125,0.157895
新潟,芝,2000,函館,2,0,0,0.0,0.0,0.2
新潟,芝,2000,大井,1,0,0,0.0,0.0,0.25
新潟,芝,2000,小倉,19,2,5,0.1053,0.2632,0.272727
新潟,芝,2000,川崎,1,0,0,0.0,0.0,0.25
新潟,芝,2000,新潟,46,4,9,0.087,0.1957,0.204082
新潟,芝,2000,札幌,14,0,2,0.0,0.1429,0.176471
新潟,芝,2000,東京,43,4,12,0.093,0.2791,0.282609
新潟,芝,2000,盛岡,1,0,0,0.0,0.0,0.25
新潟,芝,2000,福島,52,2,13,0.0385,0.25,0.254545
新潟,芝,2000,笠松,3,0,0,0.0,0.0,0.166667
新潟,芝,2000,阪神,25,6,10,0.24,0.4,0.392857
新潟,芝,2200,,1,0,0,0.0,0.0,0.25
新潟,芝,2200,中京,20,1,5,0.05,0.25,0.26087
新潟,芝,2200,中山,16,1,3,0.0625,0.1875,0.210526
新潟,芝,2200,京都,11,2,3,0.1818,0.2727,0.285714
新潟,芝,2200,佐賀,1,0,0,0.0,0.0,0.25
新潟,芝,2200,函館,2,0,0,0.0,0.0,0.2
新潟,芝,2200,名古,1,0,0,0.0,0.0,0.25
新潟,芝,2200,園田,1,0,0,0.0,0.0,0.25
新潟,芝,2200,小倉,16,3,4,0.1875,0.25,0.263158
新潟,芝,2200,新潟,30,2,5,0.0667,0.1667,0.181818
新潟,芝,2200,札幌,9,0,2,0.0,0.2222,0.25
新潟,芝,2200,東京,39,4,10,0.1026,0.2564,0.261905
新潟,芝,2200,福島,34,0,9,0.0,0.2647,0.27027
新潟,芝,2200,船橋,1,0,0,0.0,0.0,0.25
新潟,芝,2200,阪神,15,2,4,0.1333,0.2667,0.277778
新潟,芝,2200,高知,1,0,0,0.0,0.0,0.25
新潟,芝,2400,中京,5,1,2,0.2,0.4,0.375
新潟,芝,2400,中山,4,1,1,0.25,0.25,0.285714
新潟,芝,2400,名古,1,0,0,0.0,0.0,0.25
新潟,芝,2400,園田,1,0,1,0.0,1.0,0.5
新潟,芝,2400,小倉,3,0,0,0.0,0.0,0.166667
新潟,芝,2400,新潟,19,2,4,0.1053,0.2105,0.227273
新潟,芝,2400,札幌,4,0,1,0.0,0.25,0.285714
新潟,芝,2400,東京,12,0,1,0.0,0.0833,0.133333
新潟,芝,2400,福島,8,1,3,0.125,0.375,0.363636
新潟,芝,2400,阪神,4,0,2,0.0,0.5,0.428571
札幌,ダ,1000,中京,8,2,3,0.25,0.375,0.363636
札幌,ダ,1000,中山,2,0,0,0.0,0.0,0.2
札幌,ダ,1000,京都,6,1,2,0.1667,0.3333,0.333333
札幌,ダ,1000,函館,82,7,19,0.0854,0.2317,0.235294
札幌,ダ,1000,名古,1,0,0,0.0,0.0,0.25
札幌,ダ,1000,小倉,9,1,4,0.1111,0.4444,0.416667
札幌,ダ,1000,川崎,2,1,1,0.5,0.5,0.4
札幌,ダ,1000,新潟,10,1,3,0.1,0.3,0.307692
札幌,ダ,1000,札幌,73,5,17,0.0685,0.2329,0.236842
札幌,ダ,1000,東京,15,0,7,0.0,0.4667,0.444444
札幌,ダ,1000,福島,6,0,0,0.0,0.0,0.111111
札幌,ダ,1000,笠松,1,0,0,0.0,0.0,0.25
札幌,ダ,1000,阪神,3,1,1,0.3333,0.3333,0.333333
札幌,ダ,1700,中京,10,0,0,0.0,0.0,0.076923
札幌,ダ,1700,中山,14,1,3,0.0714,0.2143,0.235294
札幌,ダ,1700,京都,27,3,10,0.1111,0.3704,0.366667
札幌,ダ,1700,函館,193,14,47,0.0725,0.2435,0.244898
札幌,ダ,1700,大井,2,0,0,0.0,0.0,0.2
札幌,ダ,1700,小倉,13,1,5,0.0769,0.3846,0.375
札幌,ダ,1700,川崎,3,0,0,0.0,0.0,0.166667
札幌,ダ,1700,新潟,19,0,2,0.0,0.1053,0.136364
札幌,ダ,1700,札幌,265,18,58,0.0679,0.2189,0.220149
札幌,ダ,1700,東京,78,9,18,0.1154,0.2308,0.234568
札幌,ダ,1700,福島,41,4,9,0.0976,0.2195,0.227273
札幌,ダ,1700,笠松,1,0,0,0.0,0.0,0.25
札幌,ダ,1700,金沢,1,0,0,0.0,0.0,0.25
札幌,ダ,1700,門別,1,0,0,0.0,0.0,0.25
札幌,ダ,1700,阪神,36,4,10,0.1111,0.2778,0.282051
札幌,芝,1200,中京,7,0,3,0.0,0.4286,0.4
札幌,芝,1200,中山,6,1,1,0.1667,0.1667,0.222222
札幌,芝,1200,京都,10,0,5,0.0,0.5,0.461538
札幌,芝,1200,函館,211,15,37,0.0711,0.1754,0.17757
札幌,芝,1200,小倉,4,0,0,0.0,0.0,0.142857
札幌,芝,1200,新潟,20,1,2,0.05,0.1,0.130435
札幌,芝,1200,札幌,112,6,24,0.0536,0.2143,0.217391
札幌,芝,1200,東京,11,1,3,0.0909,0.2727,0.285714
札幌,芝,1200,福島,24,4,9,0.1667,0.375,0.37037
札幌,芝,1200,笠松,1,0,0,0.0,0.0,0.25
札幌,芝,1200,金沢,1,0,0,0.0,0.0,0.25
札幌,芝,1200,門別,3,0,1,0.0,0.3333,0.333333
札幌,芝,1200,阪神,10,1,3,0.1,0.3,0.307692
札幌,芝,1500,中京,11,1,2,0.0909,0.1818,0.214286
札幌,芝,1500,中山,13,0,4,0.0,0.3077,0.3125
札幌,芝,1500,京都,10,2,3,0.2,0.3,0.307692
札幌,芝,1500,函館,52,2,11,0.0385,0.2115,0.218182
札幌,芝,1500,小倉,4,0,0,0.0,0.0,0.142857
札幌,芝,1500,川崎,1,0,0,0.0,0.0,0.25
札幌,芝,1500,新潟,14,1,2,0.0714,0.1429,0.176471
札幌,芝,1500,札幌,90,4,13,0.0444,0.1444,0.150538
札幌,芝,1500,東京,50,6,19,0.12,0.38,0.377358
札幌,芝,1500,福島,12,2,3,0.1667,0.25,0.266667
札幌,芝,1500,門別,4,0,0,0.0,0.0,0.142857
札幌,芝,1500,阪神,13,3,6,0.2308,0.4615,0.4375
札幌,芝,1800,中京,8,1,2,0.125,0.25,0.272727
札幌,芝,1800,中山,11,2,4,0.1818,0.3636,0.357143
札幌,芝,1800,京都,2,1,1,0.5,0.5,0.4
札幌,芝,1800,佐賀,1,0,1,0.0,1.0,0.5
札幌,芝,1800,函館,90,6,19,0.0667,0.2111,0.215054
札幌,芝,1800,小倉,4,0,1,0.0,0.25,0.285714
札幌,芝,1800,川崎,1,0,0,0.0,0.0,0.25
札幌,芝,1800,新潟,8,1,1,0.125,0.125,0.181818
札幌,芝,1800,札幌,102,5,24,0.049,0.2353,0.238095
札幌,芝,1800,東京,16,3,7,0.1875,0.4375,0.421053
札幌,芝,1800,盛岡,1,0,1,0.0,1.0,0.5
札幌,芝,1800,福島,14,2,4,0.1429,0.2857,0.294118
札幌,芝,1800,笠松,1,0,0,0.0,0.0,0.25
札幌,芝,1800,門別,1,0,0,0.0,0.0,0.25
札幌,芝,1800,阪神,9,1,1,0.1111,0.1111,0.166667
札幌,芝,2000,中京,12,0,3,0.0,0.25,0.266667
札幌,芝,2000,中山,14,0,5,0.0,0.3571,0.352941
札幌,芝,2000,京都,14,1,5,0.0714,0.3571,0.352941
札幌,芝,2000,函館,106,7,23,0.066,0.217,0.220183
札幌,芝,2000,小倉,2,0,0,0.0,0.0,0.2
札幌,芝,2000,新潟,9,0,2,0.0,0.2222,0.25
札幌,芝,2000,札幌,136,11,30,0.0809,0.2206,0.223022
札幌,芝,2000,東京,31,5,9,0.1613,0.2903,0.294118
札幌,芝,2000,福島,18,3,4,0.1667,0.2222,0.238095
札幌,芝,2000,阪神,3,0,0,0.0,0.0,0.166667
札幌,芝,2600,中京,5,0,3,0.0,0.6,0.5
札幌,芝,2600,中山,4,0,0,0.0,0.0,0.142857
札幌,芝,2600,京都,11,2,4,0.1818,0.3636,0.357143
札幌,芝,2600,函館,67,3,15,0.0448,0.2239,0.228571
札幌,芝,2600,小倉,9,1,1,0.1111,0.1111,0.166667
札幌,芝,2600,新潟,1,0,0,0.0,0.0,0.25
札幌,芝,2600,札幌,54,3,7,0.0556,0.1296,0.140351
札幌,芝,2600,東京,23,2,9,0.087,0.3913,0.384615
札幌,芝,2600,福島,18,4,8,0.2222,0.4444,0.428571
札幌,芝,2600,門別,1,0,0,0.0,0.0,0.25
札幌,芝,2600,阪神,7,1,1,0.1429,0.1429,0.2
東京,ダ,1300,中京,25,2,6,0.08,0.24,0.25
東京,ダ,1300,中山,98,6,19,0.0612,0.1939,0.19802
東京,ダ,1300,京都,6,0,2,0.0,0.3333,0.333333
東京,ダ,1300,函館,1,0,0,0.0,0.0,0.25
東京,ダ,1300,名古,1,0,0,0.0,0.0,0.25
東京,ダ,1300,園田,5,0,0,0.0,0.0,0.125
東京,ダ,1300,大井,1,0,0,0.0,0.0,0.25
東京,ダ,1300,小倉,4,0,0,0.0,0.0,0.142857
東京,ダ,1300,川崎,1,0,1,0.0,1.0,0.5
東京,ダ,1300,新潟,26,3,5,0.1154,0.1923,0.206897
東京,ダ,1300,札幌,4,0,1,0.0,0.25,0.285714
東京,ダ,1300,東京,77,5,19,0.0649,0.2468,0.25
東京,ダ,1300,水沢,1,0,0,0.0,0.0,0.25
東京,ダ,1300,浦和,1,0,0,0.0,0.0,0.25
東京,ダ,1300,福島,21,1,2,0.0476,0.0952,0.125
東京,ダ,1300,笠松,1,0,0,0.0,0.0,0.25
東京,ダ,1300,船橋,2,0,0,0.0,0.0,0.2
東京,ダ,1300,門別,1,0,0,0.0,0.0,0.25
東京,ダ,1300,阪神,21,2,2,0.0952,0.0952,0.125
東京,ダ,1400,,1,0,1,0.0,1.0,0.5
東京,ダ,1400,アラ首,1,0,1,0.0,1.0,0.5
東京,ダ,1400,中京,147,13,34,0.0884,0.2313,0.233333
東京,ダ,1400,中山,249,10,38,0.0402,0.1526,0.154762
東京,ダ,1400,京都,39,2,8,0.0513,0.2051,0.214286
東京,ダ,1400,佐賀,1,0,0,0.0,0.0,0.25
東京,ダ,1400,函館,5,0,1,0.0,0.2,0.25
東京,ダ,1400,名古,6,0,2,0.0,0.3333,0.333333
東京,ダ,1400,園田,8,1,1,0.125,0.125,0.181818
東京,ダ,1400,大井,2,0,0,0.0,0.0,0.2
東京,ダ,1400,姫路,2,0,1,0.0,0.5,0.4
東京,ダ,1400,小倉,25,1,2,0.04,0.08,0.107143
東京,ダ,1400,川崎,8,0,2,0.0,0.25,0.272727
東京,ダ,1400,新潟,77,5,11,0.0649,0.1429,0.15
東京,ダ,1400,札幌,20,3,4,0.15,0.2,0.217391
東京,ダ,1400,東京,698,49,154,0.0702,0.2206,0.221113
東京,ダ,1400,水沢,2,0,0,0.0,0.0,0.2
東京,ダ,1400,浦和,7,0,0,0.0,0.0,0.1
東京,ダ,1400,盛岡,2,0,0,0.0,0.0,0.2
東京,ダ,1400,福島,67,3,6,0.0448,0.0896,0.1
東京,ダ,1400,笠松,11,0,0,0.0,0.0,0.071429
東京,ダ,1400,船橋,1,0,0,0.0,0.0,0.25
東京,ダ,1400,金沢,5,0,0,0.0,0.0,0.125
東京,ダ,1400,門別,1,0,0,0.0,0.0,0.25
東京,ダ,1400,阪神,139,11,28,0.0791,0.2014,0.204225
東京,ダ,1400,高知,3,0,0,0.0,0.0,0.166667
東京,ダ,1600,,1,0,0,0.0,0.0,0.25
東京,ダ,1600,中京,107,7,23,0.0654,0.215,0.218182
東京,ダ,1600,中山,343,26,65,0.0758,0.1895,0.190751
東京,ダ,1600,京都,51,2,8,0.0392,0.1569,0.166667
東京,ダ,1600,佐賀,1,0,0,0.0,0.0,0.25
東京,ダ,1600,函館,11,0,0,0.0,0.0,0.071429
東京,ダ,1600,名古,5,0,2,0.0,0.4,0.375
東京,ダ,1600,園田,8,1,1,0.125,0.125,0.181818
東京,ダ,1600,大井,7,0,2,0.0,0.2857,0.3
東京,ダ,1600,姫路,1,0,0,0.0,0.0,0.25
東京,ダ,1600,小倉,30,4,7,0.1333,0.2333,0.242424
東京,ダ,1600,川崎,19,3,5,0.1579,0.2632,0.272727
東京,ダ,1600,新潟,136,15,26,0.1103,0.1912,0.194245
東京,ダ,1600,札幌,29,0,6,0.0,0.2069,0.21875
東京,ダ,1600,東京,728,50,173,0.0687,0.2376,0.23803
東京,ダ,1600,水沢,2,0,0,0.0,0.0,0.2
東京,ダ,1600,浦和,2,0,1,0.0,0.5,0.4
東京,ダ,1600,盛岡,3,0,0,0.0,0.0,0.166667
東京,ダ,1600,福島,85,0,10,0.0,0.1176,0.125
東京,ダ,1600,笠松,4,0,0,0.0,0.0,0.142857
東京,ダ,1600,船橋,6,0,0,0.0,0.0,0.111111
東京,ダ,1600,金沢,3,0,0,0.0,0.0,0.166667
東京,ダ,1600,門別,5,0,0,0.0,0.0,0.125
東京,ダ,1600,阪神,120,9,22,0.075,0.1833,0.186992
東京,ダ,2100,中京,88,4,14,0.0455,0.1591,0.164835
東京,ダ,2100,中山,198,8,35,0.0404,0.1768,0.179104
東京,ダ,2100,京都,24,3,3,0.125,0.125,0.148148
東京,ダ,2100,佐賀,1,1,1,1.0,1.0,0.5
東京,ダ,2100,函館,3,0,0,0.0,0.0,0.166667
東京,ダ,2100,名古,3,0,0,0.0,0.0,0.166667
東京,ダ,2100,大井,2,0,0,0.0,0.0,0.2
東京,ダ,2100,小倉,10,0,1,0.0,0.1,0.153846
東京,ダ,2100,川崎,5,0,1,0.0,0.2,0.25
東京,ダ,2100,新潟,56,2,8,0.0357,0.1429,0.152542
東京,ダ,2100,札幌,6,0,1,0.0,0.1667,0.222222
東京,ダ,2100,東京,221,22,62,0.0995,0.2805,0.28125
東京,ダ,2100,盛岡,2,0,0,0.0,0.0,0.2
東京,ダ,2100,福島,17,0,1,0.0,0.0588,0.1
東京,ダ,2100,船橋,1,1,1,1.0,1.0,0.5
東京,ダ,2100,阪神,106,9,22,0.0849,0.2075,0.211009
東京,芝,1400,中京,90,9,21,0.1,0.2333,0.236559
東京,芝,1400,中山,183,8,32,0.0437,0.1749,0.177419
東京,芝,1400,京都,58,6,13,0.1034,0.2241,0.229508
東京,芝,1400,佐賀,1,0,0,0.0,0.0,0.25
東京,芝,1400,函館,6,0,0,0.0,0.0,0.111111
東京,芝,1400,名古,1,0,0,0.0,0.0,0.25
東京,芝,1400,園田,2,0,1,0.0,0.5,0.4
東京,芝,1400,大井,1,0,0,0.0,0.0,0.25
東京,芝,1400,小倉,16,0,3,0.0,0.1875,0.210526
東京,芝,1400,新潟,104,8,16,0.0769,0.1538,0.158879
東京,芝,1400,札幌,15,1,2,0.0667,0.1333,0.166667
東京,芝,1400,東京,318,21,83,0.066,0.261,0.261682
東京,芝,1400,福島,48,1,7,0.0208,0.1458,0.156863
東京,芝,1400,船橋,1,0,0,0.0,0.0,0.25
東京,芝,1400,門別,1,0,0,0.0,0.0,0.25
東京,芝,1400,阪神,100,14,27,0.14,0.27,0.271845
東京,芝,1600,,2,0,0,0.0,0.0,0.2
東京,芝,1600,フランス,1,0,0,0.0,0.0,0.25
東京,芝,1600,中京,44,1,7,0.0227,0.1591,0.170213
東京,芝,1600,中山,162,10,39,0.0617,0.2407,0.242424
東京,芝,1600,京都,20,4,6,0.2,0.3,0.304348
東京,芝,1600,佐賀,1,0,0,0.0,0.0,0.25
東京,芝,1600,函館,6,0,2,0.0,0.3333,0.333333
東京,芝,1600,名古,2,0,0,0.0,0.0,0.2
東京,芝,1600,園田,1,1,1,1.0,1.0,0.5
東京,芝,1600,大井,2,0,1,0.0,0.5,0.4
東京,芝,1600,小倉,10,1,3,0.1,0.3,0.307692
東京,芝,1600,川崎,3,0,0,0.0,0.0,0.166667
東京,芝,1600,新潟,91,4,16,0.044,0.1758,0.180851
東京,芝,1600,札幌,19,3,3,0.1579,0.1579,0.181818
東京,芝,1600,東京,292,27,83,0.0925,0.2842,0.284746
東京,芝,1600,水沢,1,0,0,0.0,0.0,0.25
東京,芝,1600,浦和,1,0,0,0.0,0.0,0.25
東京,芝,1600,盛岡,2,0,0,0.0,0.0,0.2
東京,芝,1600,福島,19,0,3,0.0,0.1579,0.181818
東京,芝,1600,船橋,1,0,0,0.0,0.0,0.25
東京,芝,1600,阪神,59,9,16,0.1525,0.2712,0.274194
東京,芝,1800,中京,33,3,14,0.0909,0.4242,0.416667
東京,芝,1800,中山,158,12,39,0.0759,0.2468,0.248447
東京,芝,1800,京都,30,2,8,0.0667,0.2667,0.272727
東京,芝,1800,函館,3,0,1,0.0,0.3333,0.333333
東京,芝,1800,名古,2,0,0,0.0,0.0,0.2
東京,芝,1800,小倉,10,0,3,0.0,0.3,0.307692
東京,芝,1800,新潟,51,3,9,0.0588,0.1765,0.185185
東京,芝,1800,札幌,16,0,3,0.0,0.1875,0.210526
東京,芝,1800,東京,208,26,61,0.125,0.2933,0.293839
東京,芝,1800,盛岡,3,0,0,0.0,0.0,0.166667
東京,芝,1800,福島,22,0,2,0.0,0.0909,0.12
東京,芝,1800,笠松,2,0,0,0.0,0.0,0.2
東京,芝,1800,船橋,1,0,0,0.0,0.0,0.25
東京,芝,1800,門別,1,0,0,0.0,0.0,0.25
東京,芝,1800,阪神,41,6,16,0.1463,0.3902,0.386364
東京,芝,2000,中京,51,4,15,0.0784,0.2941,0.296296
東京,芝,2000,中山,158,17,49,0.1076,0.3101,0.310559
東京,芝,2000,京都,13,1,3,0.0769,0.2308,0.25
東京,芝,2000,函館,9,0,1,0.0,0.1111,0.166667
東京,芝,2000,名古,4,0,0,0.0,0.0,0.142857
東京,芝,2000,園田,2,0,0,0.0,0.0,0.2
東京,芝,2000,大井,1,0,0,0.0,0.0,0.25
東京,芝,2000,小倉,11,1,1,0.0909,0.0909,0.142857
東京,芝,2000,川崎,1,0,0,0.0,0.0,0.25
東京,芝,2000,新潟,49,4,15,0.0816,0.3061,0.307692
東京,芝,2000,札幌,22,5,8,0.2273,0.3636,0.36
東京,芝,2000,東京,187,15,49,0.0802,0.262,0.263158
東京,芝,2000,福島,28,2,5,0.0714,0.1786,0.193548
東京,芝,2000,笠松,1,0,0,0.0,0.0,0.25
東京,芝,2000,阪神,50,4,13,0.08,0.26,0.264151
東京,芝,2300,中京,6,2,4,0.3333,0.6667,0.555556
東京,芝,2300,中山,17,0,5,0.0,0.2941,0.3
東京,芝,2300,小倉,2,0,0,0.0,0.0,0.2
東京,芝,2300,東京,8,1,1,0.125,0.125,0.181818
東京,芝,2300,阪神,6,1,2,0.1667,0.3333,0.333333
東京,芝,2400,,1,0,0,0.0,0.0,0.25
東京,芝,2400,サウジ,1,0,0,0.0,0.0,0.25
東京,芝,2400,中京,35,3,13,0.0857,0.3714,0.368421
東京,芝,2400,中山,104,9,30,0.0865,0.2885,0.28972
東京,芝,2400,京都,29,1,5,0.0345,0.1724,0.1875
東京,芝,2400,函館,4,0,0,0.0,0.0,0.142857
東京,芝,2400,小倉,9,1,4,0.1111,0.4444,0.416667
東京,芝,2400,新潟,33,5,11,0.1515,0.3333,0.333333
東京,芝,2400,札幌,8,1,2,0.125,0.25,0.272727
東京,芝,2400,東京,156,20,46,0.1282,0.2949,0.295597
東京,芝,2400,盛岡,1,0,0,0.0,0.0,0.25
東京,芝,2400,福島,33,2,7,0.0606,0.2121,0.222222
東京,芝,2400,阪神,61,3,17,0.0492,0.2787,0.28125
東京,芝,2500,中山,4,0,1,0.0,0.25,0.285714
東京,芝,2500,小倉,1,0,0,0.0,0.0,0.25
東京,芝,2500,新潟,1,1,1,1.0,1.0,0.5
東京,芝,2500,福島,1,0,1,0.0,1.0,0.5
福島,ダ,1150,中京,57,4,16,0.0702,0.2807,0.283333
福島,ダ,1150,中山,168,8,28,0.0476,0.1667,0.169591
福島,ダ,1150,京都,42,4,9,0.0952,0.2143,0.222222
福島,ダ,1150,佐賀,3,0,0,0.0,0.0,0.166667
福島,ダ,1150,函館,10,2,2,0.2,0.2,0.230769
福島,ダ,1150,園田,5,0,1,0.0,0.2,0.25
福島,ダ,1150,大井,3,0,0,0.0,0.0,0.166667
福島,ダ,1150,姫路,1,0,0,0.0,0.0,0.25
福島,ダ,1150,小倉,54,4,11,0.0741,0.2037,0.210526
福島,ダ,1150,川崎,6,0,0,0.0,0.0,0.111111
福島,ダ,1150,新潟,126,9,23,0.0714,0.1825,0.186047
福島,ダ,1150,札幌,12,0,0,0.0,0.0,0.066667
福島,ダ,1150,東京,81,8,19,0.0988,0.2346,0.238095
福島,ダ,1150,水沢,1,0,0,0.0,0.0,0.25
福島,ダ,1150,浦和,3,0,1,0.0,0.3333,0.333333
福島,ダ,1150,盛岡,2,0,0,0.0,0.0,0.2
福島,ダ,1150,福島,109,5,21,0.0459,0.1927,0.196429
福島,ダ,1150,笠松,2,0,0,0.0,0.0,0.2
福島,ダ,1150,船橋,1,0,0,0.0,0.0,0.25
福島,ダ,1150,金沢,3,0,0,0.0,0.0,0.166667
福島,ダ,1150,門別,3,1,1,0.3333,0.3333,0.333333
福島,ダ,1150,阪神,69,5,18,0.0725,0.2609,0.263889
福島,ダ,1700,,1,0,0,0.0,0.0,0.25
福島,ダ,1700,中京,61,4,11,0.0656,0.1803,0.1875
福島,ダ,1700,中山,155,9,32,0.0581,0.2065,0.208861
福島,ダ,1700,京都,37,4,11,0.1081,0.2973,0.3
福島,ダ,1700,佐賀,3,0,0,0.0,0.0,0.166667
福島,ダ,1700,函館,12,2,2,0.1667,0.1667,0.2
福島,ダ,1700,名古,5,0,0,0.0,0.0,0.125
福島,ダ,1700,園田,1,0,0,0.0,0.0,0.25
福島,ダ,1700,大井,1,0,0,0.0,0.0,0.25
福島,ダ,1700,姫路,3,0,1,0.0,0.3333,0.333333
福島,ダ,1700,小倉,67,6,15,0.0896,0.2239,0.228571
福島,ダ,1700,川崎,3,0,0,0.0,0.0,0.166667
福島,ダ,1700,新潟,80,7,19,0.0875,0.2375,0.240964
福島,ダ,1700,札幌,23,2,3,0.087,0.1304,0.153846
福島,ダ,1700,東京,222,14,47,0.0631,0.2117,0.213333
福島,ダ,1700,水沢,1,0,0,0.0,0.0,0.25
福島,ダ,1700,浦和,3,0,0,0.0,0.0,0.166667
福島,ダ,1700,盛岡,1,0,0,0.0,0.0,0.25
福島,ダ,1700,福島,100,6,26,0.06,0.26,0.262136
福島,ダ,1700,笠松,4,0,0,0.0,0.0,0.142857
福島,ダ,1700,船橋,4,0,0,0.0,0.0,0.142857
福島,ダ,1700,金沢,3,0,0,0.0,0.0,0.166667
福島,ダ,1700,門別,1,0,0,0.0,0.0,0.25
福島,ダ,1700,阪神,70,7,17,0.1,0.2429,0.246575
福島,ダ,1700,高知,2,1,2,0.5,1.0,0.6
福島,芝,1200,中京,90,10,18,0.1111,0.2,0.204301
福島,芝,1200,中山,87,2,14,0.023,0.1609,0.166667
福島,芝,1200,京都,20,3,6,0.15,0.3,0.304348
福島,芝,1200,佐賀,1,0,0,0.0,0.0,0.25
福島,芝,1200,函館,19,0,4,0.0,0.2105,0.227273
福島,芝,1200,名古,2,0,0,0.0,0.0,0.2
福島,芝,1200,園田,4,0,1,0.0,0.25,0.285714
福島,芝,1200,大井,1,0,0,0.0,0.0,0.25
福島,芝,1200,小倉,158,16,37,0.1013,0.2342,0.236025
福島,芝,1200,新潟,140,9,26,0.0643,0.1857,0.188811
福島,芝,1200,札幌,42,2,11,0.0476,0.2619,0.266667
福島,芝,1200,東京,105,4,16,0.0381,0.1524,0.157407
福島,芝,1200,水沢,1,0,0,0.0,0.0,0.25
福島,芝,1200,福島,170,16,43,0.0941,0.2529,0.254335
福島,芝,1200,笠松,4,0,0,0.0,0.0,0.142857
福島,芝,1200,船橋,3,0,0,0.0,0.0,0.166667
福島,芝,1200,金沢,3,0,0,0.0,0.0,0.166667
福島,芝,1200,門別,1,0,0,0.0,0.0,0.25
福島,芝,1200,阪神,51,1,13,0.0196,0.2549,0.259259
福島,芝,1200,高知,1,0,0,0.0,0.0,0.25
福島,芝,1800,中京,28,3,7,0.1071,0.25,0.258065
福島,芝,1800,中山,55,3,14,0.0545,0.2545,0.258621
福島,芝,1800,京都,9,1,1,0.1111,0.1111,0.166667
福島,芝,1800,函館,4,0,1,0.0,0.25,0.285714
福島,芝,1800,園田,1,0,0,0.0,0.0,0.25
福島,芝,1800,姫路,1,0,0,0.0,0.0,0.25
福島,芝,1800,小倉,42,5,12,0.119,0.2857,0.288889
福島,芝,1800,新潟,56,2,8,0.0357,0.1429,0.152542
福島,芝,1800,札幌,22,0,1,0.0,0.0455,0.08
福島,芝,1800,東京,114,5,22,0.0439,0.193,0.196581
福島,芝,1800,盛岡,4,0,1,0.0,0.25,0.285714
福島,芝,1800,福島,83,7,20,0.0843,0.241,0.244186
福島,芝,1800,笠松,1,0,0,0.0,0.0,0.25
福島,芝,1800,金沢,2,0,0,0.0,0.0,0.2
福島,芝,1800,阪神,30,5,6,0.1667,0.2,0.212121
福島,芝,2000,中京,33,3,11,0.0909,0.3333,0.333333
福島,芝,2000,中山,65,6,12,0.0923,0.1846,0.191176
福島,芝,2000,京都,17,1,2,0.0588,0.1176,0.15
福島,芝,2000,佐賀,1,0,0,0.0,0.0,0.25
福島,芝,2000,函館,8,0,2,0.0,0.25,0.272727
福島,芝,2000,名古,1,0,0,0.0,0.0,0.25
福島,芝,2000,園田,1,0,0,0.0,0.0,0.25
福島,芝,2000,小倉,61,2,9,0.0328,0.1475,0.15625
福島,芝,2000,川崎,2,0,0,0.0,0.0,0.2
福島,芝,2000,新潟,43,5,10,0.1163,0.2326,0.23913
福島,芝,2000,札幌,19,2,3,0.1053,0.1579,0.181818
福島,芝,2000,東京,51,2,15,0.0392,0.2941,0.296296
福島,芝,2000,盛岡,1,0,0,0.0,0.0,0.25
福島,芝,2000,福島,52,6,13,0.1154,0.25,0.254545
福島,芝,2000,笠松,1,0,0,0.0,0.0,0.25
福島,芝,2000,金沢,1,0,0,0.0,0.0,0.25
福島,芝,2000,阪神,28,2,10,0.0714,0.3571,0.354839
福島,芝,2000,高知,1,0,0,0.0,0.0,0.25
福島,芝,2600,中京,22,2,5,0.0909,0.2273,0.24
福島,芝,2600,中山,48,4,6,0.0833,0.125,0.137255
福島,芝,2600,京都,10,1,2,0.1,0.2,0.230769
福島,芝,2600,函館,4,0,0,0.0,0.0,0.142857
福島,芝,2600,名古,1,0,0,0.0,0.0,0.25
福島,芝,2600,小倉,43,2,12,0.0465,0.2791,0.282609
福島,芝,2600,新潟,36,3,7,0.0833,0.1944,0.205128
福島,芝,2600,札幌,25,2,8,0.08,0.32,0.321429
福島,芝,2600,東京,53,6,16,0.1132,0.3019,0.303571
福島,芝,2600,福島,50,1,11,0.02,0.22,0.226415
福島,芝,2600,門別,2,0,0,0.0,0.0,0.2
福島,芝,2600,阪神,23,3,5,0.1304,0.2174,0.230769
阪神,ダ,1200,中京,174,11,32,0.0632,0.1839,0.186441
阪神,ダ,1200,中山,78,3,8,0.0385,0.1026,0.111111
阪神,ダ,1200,京都,105,12,32,0.1143,0.3048,0.305556
阪神,ダ,1200,佐賀,1,0,0,0.0,0.0,0.25
阪神,ダ,1200,函館,1,0,0,0.0,0.0,0.25
阪神,ダ,1200,名古,1,0,0,0.0,0.0,0.25
阪神,ダ,1200,園田,9,0,0,0.0,0.0,0.083333
阪神,ダ,1200,大井,2,0,0,0.0,0.0,0.2
阪神,ダ,1200,姫路,3,0,1,0.0,0.3333,0.333333
阪神,ダ,1200,小倉,87,5,18,0.0575,0.2069,0.211111
阪神,ダ,1200,川崎,1,0,0,0.0,0.0,0.25
阪神,ダ,1200,新潟,37,3,6,0.0811,0.1622,0.175
阪神,ダ,1200,札幌,16,2,6,0.125,0.375,0.368421
阪神,ダ,1200,東京,30,1,2,0.0333,0.0667,0.090909
阪神,ダ,1200,浦和,1,0,0,0.0,0.0,0.25
阪神,ダ,1200,盛岡,1,0,1,0.0,1.0,0.5
阪神,ダ,1200,福島,44,3,4,0.0682,0.0909,0.106383
阪神,ダ,1200,笠松,4,0,0,0.0,0.0,0.142857
阪神,ダ,1200,船橋,1,0,0,0.0,0.0,0.25
阪神,ダ,1200,門別,1,0,0,0.0,0.0,0.25
阪神,ダ,1200,阪神,322,22,76,0.0683,0.236,0.236923
阪神,ダ,1400,中京,176,16,42,0.0909,0.2386,0.240223
阪神,ダ,1400,中山,41,2,3,0.0488,0.0732,0.090909
阪神,ダ,1400,京都,120,9,26,0.075,0.2167,0.219512
阪神,ダ,1400,佐賀,1,0,0,0.0,0.0,0.25
阪神,ダ,1400,函館,4,0,1,0.0,0.25,0.285714
阪神,ダ,1400,名古,2,0,1,0.0,0.5,0.4
阪神,ダ,1400,園田,7,0,2,0.0,0.2857,0.3
阪神,ダ,1400,大井,2,1,1,0.5,0.5,0.4
阪神,ダ,1400,姫路,2,0,0,0.0,0.0,0.2
阪神,ダ,1400,小倉,81,3,12,0.037,0.1481,0.154762
阪神,ダ,1400,川崎,12,0,1,0.0,0.0833,0.133333
阪神,ダ,1400,新潟,25,0,1,0.0,0.04,0.071429
阪神,ダ,1400,札幌,18,1,3,0.0556,0.1667,0.190476
阪神,ダ,1400,東京,118,13,33,0.1102,0.2797,0.280992
阪神,ダ,1400,水沢,1,0,0,0.0,0.0,0.25
阪神,ダ,1400,浦和,6,0,0,0.0,0.0,0.111111
阪神,ダ,1400,盛岡,2,0,0,0.0,0.0,0.2
阪神,ダ,1400,福島,28,0,4,0.0,0.1429,0.16129
阪神,ダ,1400,笠松,3,0,0,0.0,0.0,0.166667
阪神,ダ,1400,船橋,4,0,0,0.0,0.0,0.142857
阪神,ダ,1400,金沢,4,0,1,0.0,0.25,0.285714
阪神,ダ,1400,門別,6,0,0,0.0,0.0,0.111111
阪神,ダ,1400,阪神,338,24,76,0.071,0.2249,0.225806
阪神,ダ,1400,高知,2,0,0,0.0,0.0,0.2
阪神,ダ,1800,中京,244,21,63,0.0861,0.2582,0.259109
阪神,ダ,1800,中山,59,3,14,0.0508,0.2373,0.241935
阪神,ダ,1800,京都,149,13,39,0.0872,0.2617,0.263158
阪神,ダ,1800,函館,10,1,4,0.1,0.4,0.384615
阪神,ダ,1800,名古,5,0,0,0.0,0.0,0.125
阪神,ダ,1800,園田,7,2,2,0.2857,0.2857,0.3
阪神,ダ,1800,大井,1,0,1,0.0,1.0,0.5
阪神,ダ,1800,姫路,2,0,0,0.0,0.0,0.2
阪神,ダ,1800,小倉,122,6,22,0.0492,0.1803,0.184
阪神,ダ,1800,川崎,5,0,1,0.0,0.2,0.25
阪神,ダ,1800,新潟,56,4,12,0.0714,0.2143,0.220339
阪神,ダ,1800,札幌,36,2,7,0.0556,0.1944,0.205128
阪神,ダ,1800,東京,77,4,14,0.0519,0.1818,0.1875
阪神,ダ,1800,浦和,3,1,1,0.3333,0.3333,0.333333
阪神,ダ,1800,盛岡,2,0,0,0.0,0.0,0.2
阪神,ダ,1800,福島,36,5,11,0.1389,0.3056,0.307692
阪神,ダ,1800,笠松,6,1,1,0.1667,0.1667,0.222222
阪神,ダ,1800,船橋,3,0,1,0.0,0.3333,0.333333
阪神,ダ,1800,金沢,5,0,0,0.0,0.0,0.125
阪神,ダ,1800,門別,1,0,0,0.0,0.0,0.25
阪神,ダ,1800,阪神,409,35,101,0.0856,0.2469,0.247573
阪神,ダ,2000,中京,62,5,15,0.0806,0.2419,0.246154
阪神,ダ,2000,中山,21,1,5,0.0476,0.2381,0.25
阪神,ダ,2000,京都,45,4,8,0.0889,0.1778,0.1875
阪神,ダ,2000,函館,1,0,0,0.0,0.0,0.25
阪神,ダ,2000,園田,1,0,0,0.0,0.0,0.25
阪神,ダ,2000,小倉,15,0,3,0.0,0.2,0.222222
阪神,ダ,2000,川崎,1,0,0,0.0,0.0,0.25
阪神,ダ,2000,新潟,10,0,2,0.0,0.2,0.230769
阪神,ダ,2000,札幌,2,0,0,0.0,0.0,0.2
阪神,ダ,2000,東京,33,4,14,0.1212,0.4242,0.416667
阪神,ダ,2000,福島,6,0,1,0.0,0.1667,0.222222
阪神,ダ,2000,金沢,1,0,0,0.0,0.0,0.25
阪神,ダ,2000,阪神,114,11,27,0.0965,0.2368,0.239316
阪神,芝,1200,中京,45,7,13,0.1556,0.2889,0.291667
阪神,芝,1200,中山,32,0,6,0.0,0.1875,0.2
阪神,芝,1200,京都,51,4,12,0.0784,0.2353,0.240741
阪神,芝,1200,佐賀,1,0,0,0.0,0.0,0.25
阪神,芝,1200,函館,4,0,0,0.0,0.0,0.142857
阪神,芝,1200,園田,3,0,0,0.0,0.0,0.166667
阪神,芝,1200,姫路,1,0,0,0.0,0.0,0.25
阪神,芝,1200,小倉,73,4,11,0.0548,0.1507,0.157895
阪神,芝,1200,新潟,28,1,5,0.0357,0.1786,0.193548
阪神,芝,1200,札幌,19,2,5,0.1053,0.2632,0.272727
阪神,芝,1200,東京,15,1,5,0.0667,0.3333,0.333333
阪神,芝,1200,浦和,1,0,0,0.0,0.0,0.25
阪神,芝,1200,福島,18,3,6,0.1667,0.3333,0.333333
阪神,芝,1200,阪神,62,4,15,0.0645,0.2419,0.246154
阪神,芝,1200,高知,1,0,0,0.0,0.0,0.25
阪神,芝,1400,中京,94,11,24,0.117,0.2553,0.257732
阪神,芝,1400,中山,27,1,9,0.037,0.3333,0.333333
阪神,芝,1400,京都,68,4,14,0.0588,0.2059,0.211268
阪神,芝,1400,函館,6,1,1,0.1667,0.1667,0.222222
阪神,芝,1400,名古,1,0,0,0.0,0.0,0.25
阪神,芝,1400,園田,2,0,0,0.0,0.0,0.2
阪神,芝,1400,小倉,61,2,11,0.0328,0.1803,0.1875
阪神,芝,1400,新潟,24,3,5,0.125,0.2083,0.222222
阪神,芝,1400,札幌,14,3,3,0.2143,0.2143,0.235294
阪神,芝,1400,東京,58,3,14,0.0517,0.2414,0.245902
阪神,芝,1400,浦和,1,0,0,0.0,0.0,0.25
阪神,芝,1400,福島,6,0,2,0.0,0.3333,0.333333
阪神,芝,1400,笠松,1,0,0,0.0,0.0,0.25
阪神,芝,1400,阪神,186,13,40,0.0699,0.2151,0.216931
阪神,芝,1400,高知,2,0,0,0.0,0.0,0.2
阪神,芝,1600,中京,117,7,26,0.0598,0.2222,0.225
阪神,芝,1600,中山,43,3,9,0.0698,0.2093,0.217391
阪神,芝,1600,京都,56,5,14,0.0893,0.25,0.254237
阪神,芝,1600,函館,2,1,2,0.5,1.0,0.6
阪神,芝,1600,名古,2,0,0,0.0,0.0,0.2
阪神,芝,1600,園田,3,0,0,0.0,0.0,0.166667
阪神,芝,1600,姫路,1,0,0,0.0,0.0,0.25
阪神,芝,1600,小倉,45,2,8,0.0444,0.1778,0.1875
阪神,芝,1600,新潟,38,7,10,0.1842,0.2632,0.268293
阪神,芝,1600,札幌,14,0,2,0.0,0.1429,0.176471
阪神,芝,1600,東京,43,3,13,0.0698,0.3023,0.304348
阪神,芝,1600,盛岡,1,0,0,0.0,0.0,0.25
阪神,芝,1600,福島,5,0,1,0.0,0.2,0.25
阪神,芝,1600,笠松,1,0,0,0.0,0.0,0.25
阪神,芝,1600,船橋,2,0,0,0.0,0.0,0.2
阪神,芝,1600,阪神,164,16,47,0.0976,0.2866,0.287425
阪神,芝,1800,中京,78,5,17,0.0641,0.2179,0.222222
阪神,芝,1800,中山,28,5,12,0.1786,0.4286,0.419355
阪神,芝,1800,京都,59,6,18,0.1017,0.3051,0.306452
阪神,芝,1800,函館,2,1,1,0.5,0.5,0.4
阪神,芝,1800,園田,2,0,0,0.0,0.0,0.2
阪神,芝,1800,姫路,1,0,0,0.0,0.0,0.25
阪神,芝,1800,小倉,62,3,13,0.0484,0.2097,0.215385
阪神,芝,1800,新潟,28,1,8,0.0357,0.2857,0.290323
阪神,芝,1800,札幌,11,0,2,0.0,0.1818,0.214286
阪神,芝,1800,東京,48,5,15,0.1042,0.3125,0.313725
阪神,芝,1800,福島,8,0,3,0.0,0.375,0.363636
阪神,芝,1800,阪神,126,16,37,0.127,0.2937,0.294574
阪神,芝,2000,中京,64,7,19,0.1094,0.2969,0.298507
阪神,芝,2000,中山,28,3,9,0.1071,0.3214,0.322581
阪神,芝,2000,京都,56,7,17,0.125,0.3036,0.305085
阪神,芝,2000,函館,5,1,2,0.2,0.4,0.375
阪神,芝,2000,小倉,58,4,15,0.069,0.2586,0.262295
阪神,芝,2000,新潟,18,0,3,0.0,0.1667,0.190476
阪神,芝,2000,札幌,18,0,4,0.0,0.2222,0.238095
阪神,芝,2000,東京,30,6,12,0.2,0.4,0.393939
阪神,芝,2000,福島,9,2,6,0.2222,0.6667,0.583333
阪神,芝,2000,笠松,1,0,0,0.0,0.0,0.25
阪神,芝,2000,阪神,108,7,24,0.0648,0.2222,0.225225
阪神,芝,2200,中京,24,4,7,0.1667,0.2917,0.296296
阪神,芝,2200,中山,9,1,4,0.1111,0.4444,0.416667
阪神,芝,2200,京都,16,2,4,0.125,0.25,0.263158
阪神,芝,2200,函館,1,0,0,0.0,0.0,0.25
阪神,芝,2200,名古,1,0,0,0.0,0.0,0.25
阪神,芝,2200,小倉,8,1,3,0.125,0.375,0.363636
阪神,芝,2200,新潟,7,1,2,0.1429,0.2857,0.3
阪神,芝,2200,札幌,5,0,1,0.0,0.2,0.25
阪神,芝,2200,東京,15,1,2,0.0667,0.1333,0.166667
阪神,芝,2200,福島,2,0,0,0.0,0.0,0.2
阪神,芝,2200,阪神,23,1,10,0.0435,0.4348,0.423077
阪神,芝,2400,中京,35,4,9,0.1143,0.2571,0.263158
阪神,芝,2400,中山,21,1,4,0.0476,0.1905,0.208333
阪神,芝,2400,京都,31,4,12,0.129,0.3871,0.382353
阪神,芝,2400,名古,1,0,0,0.0,0.0,0.25
阪神,芝,2400,姫路,1,0,0,0.0,0.0,0.25
阪神,芝,2400,小倉,30,2,11,0.0667,0.3667,0.363636
阪神,芝,2400,川崎,1,0,0,0.0,0.0,0.25
阪神,芝,2400,新潟,3,0,1,0.0,0.3333,0.333333
阪神,芝,2400,札幌,13,1,4,0.0769,0.3077,0.3125
阪神,芝,2400,東京,22,2,9,0.0909,0.4091,0.4
阪神,芝,2400,福島,2,0,0,0.0,0.0,0.2
阪神,芝,2400,船橋,1,0,0,0.0,0.0,0.25
阪神,芝,2400,門別,1,0,0,0.0,0.0,0.25
阪神,芝,2400,阪神,82,11,25,0.1341,0.3049,0.305882
阪神,芝,2600,中京,7,1,2,0.1429,0.2857,0.3
阪神,芝,2600,中山,3,0,0,0.0,0.0,0.166667
阪神,芝,2600,京都,1,0,1,0.0,1.0,0.5
阪神,芝,2600,小倉,9,0,1,0.0,0.1111,0.166667
阪神,芝,2600,札幌,2,1,1,0.5,0.5,0.4
阪神,芝,2600,東京,3,0,2,0.0,0.6667,0.5
阪神,芝,2600,福島,4,0,1,0.0,0.25,0.285714
阪神,芝,2600,阪神,11,2,4,0.1818,0.3636,0.357143
阪神,芝,3000,中京,10,0,0,0.0,0.0,0.076923
阪神,芝,3000,中山,5,0,2,0.0,0.4,0.375
阪神,芝,3000,京都,7,1,1,0.1429,0.1429,0.2
阪神,芝,3000,小倉,1,0,0,0.0,0.0,0.25
阪神,芝,3000,新潟,2,1,1,0.5,0.5,0.4
阪神,芝,3000,札幌,4,0,0,0.0,0.0,0.142857
阪神,芝,3000,東京,6,0,2,0.0,0.3333,0.333333
阪神,芝,3000,阪神,4,1,3,0.25,0.75,0.571429
