前走競馬場,前走芝ダ,前走距離数値,前4角位置カテゴリ,件数,勝利数,複勝数,単勝払戻合計,複勝払戻合計,勝率,複勝率,単回収率,複回収率
中京,ダ,1200,1番手,50,7,12,3270.0,4920.0,14.0,24.0,65.4,98.4
中京,ダ,1200,2-3番手,139,12,41,4510.0,12530.0,8.63,29.5,32.45,90.14
中京,ダ,1200,4-6番手,127,12,29,39290.0,10900.0,9.45,22.83,309.37,85.83
中京,ダ,1200,7-10番手,250,11,46,11450.0,19750.0,4.4,18.4,45.8,79.0
中京,ダ,1200,11番手以下,89,1,7,370.0,2740.0,1.12,7.87,4.16,30.79
中京,ダ,1400,1番手,58,5,16,3200.0,5390.0,8.62,27.59,55.17,92.93
中京,ダ,1400,2-3番手,204,31,69,21350.0,23310.0,15.2,33.82,104.66,114.26
中京,ダ,1400,4-6番手,166,13,36,9790.0,10020.0,7.83,21.69,58.98,60.36
中京,ダ,1400,7-10番手,321,20,66,26970.0,28150.0,6.23,20.56,84.02,87.69
中京,ダ,1400,11番手以下,113,0,11,0.0,7120.0,0.0,9.73,0.0,63.01
中京,ダ,1800,1番手,93,10,22,5460.0,5160.0,10.75,23.66,58.71,55.48
中京,ダ,1800,2-3番手,198,20,51,12090.0,12200.0,10.1,25.76,61.06,61.62
中京,ダ,1800,4-6番手,192,21,50,12800.0,11390.0,10.94,26.04,66.67,59.32
中京,ダ,1800,7-10番手,381,19,76,16570.0,30590.0,4.99,19.95,43.49,80.29
中京,ダ,1800,11番手以下,116,7,20,16630.0,10990.0,6.03,17.24,143.36,94.74
中京,ダ,1900,1番手,42,4,15,2400.0,4540.0,9.52,35.71,57.14,108.1
中京,ダ,1900,2-3番手,89,5,24,11310.0,8900.0,5.62,26.97,127.08,100.0
中京,ダ,1900,4-6番手,89,8,24,4840.0,5480.0,8.99,26.97,54.38,61.57
中京,ダ,1900,7-10番手,153,5,25,5120.0,11960.0,3.27,16.34,33.46,78.17
中京,ダ,1900,11番手以下,60,2,9,3790.0,3950.0,3.33,15.0,63.17,65.83
中京,芝,1200,1番手,34,8,14,7100.0,3910.0,23.53,41.18,208.82,115.0
中京,芝,1200,2-3番手,88,8,20,7150.0,5590.0,9.09,22.73,81.25,63.52
中京,芝,1200,4-6番手,101,12,26,11370.0,7460.0,11.88,25.74,112.57,73.86
中京,芝,1200,7-10番手,177,13,42,19160.0,13800.0,7.34,23.73,108.25,77.97
中京,芝,1200,11番手以下,61,0,4,0.0,2900.0,0.0,6.56,0.0,47.54
中京,芝,1400,1番手,41,3,8,2060.0,2480.0,7.32,19.51,50.24,60.49
中京,芝,1400,2-3番手,103,17,27,19210.0,8120.0,16.5,26.21,186.5,78.83
中京,芝,1400,4-6番手,106,11,28,9610.0,8980.0,10.38,26.42,90.66,84.72
中京,芝,1400,7-10番手,177,16,36,22400.0,11410.0,9.04,20.34,126.55,64.46
中京,芝,1400,11番手以下,62,2,11,1280.0,3420.0,3.23,17.74,20.65,55.16
中京,芝,1600,1番手,57,6,12,4160.0,3350.0,10.53,21.05,72.98,58.77
中京,芝,1600,2-3番手,140,14,35,10780.0,10510.0,10.0,25.0,77.0,75.07
中京,芝,1600,4-6番手,123,15,31,16730.0,7680.0,12.2,25.2,136.02,62.44
中京,芝,1600,7-10番手,247,15,56,13600.0,22680.0,6.07,22.67,55.06,91.82
中京,芝,1600,11番手以下,84,4,12,3240.0,4580.0,4.76,14.29,38.57,54.52
中京,芝,2000,1番手,66,5,20,2610.0,5020.0,7.58,30.3,39.55,76.06
中京,芝,2000,2-3番手,126,14,32,16470.0,8520.0,11.11,25.4,130.71,67.62
中京,芝,2000,4-6番手,158,21,57,19900.0,20500.0,13.29,36.08,125.95,129.75
中京,芝,2000,7-10番手,256,18,54,16510.0,13840.0,7.03,21.09,64.49,54.06
中京,芝,2000,11番手以下,97,4,13,960.0,3530.0,4.12,13.4,9.9,36.39
中京,芝,2200,1番手,38,7,16,7500.0,4330.0,18.42,42.11,197.37,113.95
中京,芝,2200,2-3番手,71,7,25,5330.0,7260.0,9.86,35.21,75.07,102.25
中京,芝,2200,4-6番手,82,8,28,3700.0,7420.0,9.76,34.15,45.12,90.49
中京,芝,2200,7-10番手,146,12,49,8470.0,13220.0,8.22,33.56,58.01,90.55
中京,芝,2200,11番手以下,52,4,12,2140.0,3080.0,7.69,23.08,41.15,59.23
中京,芝,3000,1番手,2,0,0,0.0,0.0,0.0,0.0,0.0,0.0
中京,芝,3000,2-3番手,6,1,1,370.0,160.0,16.67,16.67,61.67,26.67
中京,芝,3000,4-6番手,3,0,0,0.0,0.0,0.0,0.0,0.0,0.0
中京,芝,3000,7-10番手,10,0,0,0.0,0.0,0.0,0.0,0.0,0.0
中京,芝,3000,11番手以下,2,0,0,0.0,0.0,0.0,0.0,0.0,0.0
中京,芝,3300,1番手,1,0,1,0.0,120.0,0.0,100.0,0.0,120.0
中京,芝,3300,2-3番手,3,0,0,0.0,0.0,0.0,0.0,0.0,0.0
中京,芝,3300,4-6番手,4,0,0,0.0,0.0,0.0,0.0,0.0,0.0
中京,芝,3300,7-10番手,1,0,0,0.0,0.0,0.0,0.0,0.0,0.0
中京,芝,3300,11番手以下,2,0,0,0.0,0.0,0.0,0.0,0.0,0.0
中京,芝,3330,2-3番手,1,0,0,0.0,0.0,0.0,0.0,0.0,0.0
中京,芝,3330,7-10番手,1,0,0,0.0,0.0,0.0,0.0,0.0,0.0
中京,芝,3900,2-3番手,2,0,0,0.0,0.0,0.0,0.0,0.0,0.0
中京,芝,3900,4-6番手,1,0,0,0.0,0.0,0.0,0.0,0.0,0.0
中山,ダ,1200,1番手,137,10,28,5710.0,6770.0,7.3,20.44,41.68,49.42
中山,ダ,1200,2-3番手,389,34,88,25380.0,25320.0,8.74,22.62,65.24,65.09
中山,ダ,1200,4-6番手,347,23,73,22560.0,23040.0,6.63,21.04,65.01,66.4
中山,ダ,1200,7-10番手,623,21,88,31450.0,42160.0,3.37,14.13,50.48,67.67
中山,ダ,1200,11番手以下,227,7,23,14270.0,18830.0,3.08,10.13,62.86,82.95
中山,ダ,1800,1番手,159,24,54,24580.0,15220.0,15.09,33.96,154.59,95.72
中山,ダ,1800,2-3番手,403,38,105,38780.0,27430.0,9.43,26.05,96.23,68.06
中山,ダ,1800,4-6番手,311,16,70,8290.0,19990.0,5.14,22.51,26.66,64.28
中山,ダ,1800,7-10番手,587,26,99,60570.0,41970.0,4.43,16.87,103.19,71.5
中山,ダ,1800,11番手以下,227,7,21,14360.0,10990.0,3.08,9.25,63.26,48.41
中山,ダ,2400,1番手,20,1,7,870.0,1800.0,5.0,35.0,43.5,90.0
中山,ダ,2400,2-3番手,59,4,18,9400.0,6280.0,6.78,30.51,159.32,106.44
中山,ダ,2400,4-6番手,36,5,9,4200.0,2260.0,13.89,25.0,116.67,62.78
中山,ダ,2400,7-10番手,95,2,9,1280.0,3520.0,2.11,9.47,13.47,37.05
中山,ダ,2400,11番手以下,26,0,1,0.0,290.0,0.0,3.85,0.0,11.15
中山,ダ,2500,1番手,3,0,0,0.0,0.0,0.0,0.0,0.0,0.0
中山,ダ,2500,2-3番手,2,0,0,0.0,0.0,0.0,0.0,0.0,0.0
中山,ダ,2500,4-6番手,3,0,1,0.0,130.0,0.0,33.33,0.0,43.33
中山,ダ,2500,7-10番手,3,0,0,0.0,0.0,0.0,0.0,0.0,0.0
中山,ダ,2880,1番手,2,0,0,0.0,0.0,0.0,0.0,0.0,0.0
中山,ダ,2880,2-3番手,4,0,0,0.0,0.0,0.0,0.0,0.0,0.0
中山,ダ,2880,4-6番手,4,0,0,0.0,0.0,0.0,0.0,0.0,0.0
中山,ダ,2880,7-10番手,4,0,1,0.0,1530.0,0.0,25.0,0.0,382.5
中山,ダ,2880,11番手以下,4,0,0,0.0,0.0,0.0,0.0,0.0,0.0
中山,ダ,3200,1番手,1,0,0,0.0,0.0,0.0,0.0,0.0,0.0
中山,ダ,3200,2-3番手,3,0,1,0.0,260.0,0.0,33.33,0.0,86.67
中山,ダ,3200,4-6番手,1,1,1,260.0,150.0,100.0,100.0,260.0,150.0
中山,ダ,3200,7-10番手,5,1,1,9250.0,850.0,20.0,20.0,1850.0,170.0
中山,ダ,3200,11番手以下,1,0,0,0.0,0.0,0.0,0.0,0.0,0.0
中山,芝,1200,1番手,58,5,15,1580.0,3190.0,8.62,25.86,27.24,55.0
中山,芝,1200,2-3番手,157,11,45,9350.0,16960.0,7.01,28.66,59.55,108.03
中山,芝,1200,4-6番手,160,5,36,2220.0,11440.0,3.12,22.5,13.88,71.5
中山,芝,1200,7-10番手,296,14,46,10710.0,20430.0,4.73,15.54,36.18,69.02
中山,芝,1200,11番手以下,104,3,15,12420.0,8970.0,2.88,14.42,119.42,86.25
中山,芝,1600,1番手,87,11,17,7320.0,3440.0,12.64,19.54,84.14,39.54
中山,芝,1600,2-3番手,233,21,67,12750.0,18110.0,9.01,28.76,54.72,77.73
中山,芝,1600,4-6番手,203,13,54,19590.0,15060.0,6.4,26.6,96.5,74.19
中山,芝,1600,7-10番手,356,19,68,22160.0,23860.0,5.34,19.1,62.25,67.02
中山,芝,1600,11番手以下,115,4,15,5660.0,9180.0,3.48,13.04,49.22,79.83
中山,芝,1800,1番手,54,8,13,14410.0,5100.0,14.81,24.07,266.85,94.44
中山,芝,1800,2-3番手,126,11,36,10320.0,10000.0,8.73,28.57,81.9,79.37
中山,芝,1800,4-6番手,139,16,40,8130.0,11660.0,11.51,28.78,58.49,83.88
中山,芝,1800,7-10番手,227,17,48,27230.0,20950.0,7.49,21.15,119.96,92.29
中山,芝,1800,11番手以下,68,1,11,1220.0,3320.0,1.47,16.18,17.94,48.82
中山,芝,2000,1番手,57,4,13,1190.0,3250.0,7.02,22.81,20.88,57.02
中山,芝,2000,2-3番手,150,15,42,7400.0,10250.0,10.0,28.0,49.33,68.33
中山,芝,2000,4-6番手,158,16,42,10800.0,10440.0,10.13,26.58,68.35,66.08
中山,芝,2000,7-10番手,274,20,71,15540.0,23130.0,7.3,25.91,56.72,84.42
中山,芝,2000,11番手以下,80,3,16,1590.0,7370.0,3.75,20.0,19.88,92.12
中山,芝,2200,1番手,27,2,9,310.0,2330.0,7.41,33.33,11.48,86.3
中山,芝,2200,2-3番手,48,8,16,4250.0,3920.0,16.67,33.33,88.54,81.67
中山,芝,2200,4-6番手,69,9,27,4190.0,6030.0,13.04,39.13,60.72,87.39
中山,芝,2200,7-10番手,91,7,23,2280.0,3910.0,7.69,25.27,25.05,42.97
中山,芝,2200,11番手以下,35,0,3,0.0,890.0,0.0,8.57,0.0,25.43
中山,芝,2500,1番手,24,3,4,1080.0,750.0,12.5,16.67,45.0,31.25
中山,芝,2500,2-3番手,52,3,11,1530.0,2080.0,5.77,21.15,29.42,40.0
中山,芝,2500,4-6番手,51,4,19,2500.0,5820.0,7.84,37.25,49.02,114.12
中山,芝,2500,7-10番手,105,6,15,5880.0,3850.0,5.71,14.29,56.0,36.67
中山,芝,2500,11番手以下,39,1,8,1250.0,6570.0,2.56,20.51,32.05,168.46
中山,芝,3210,2-3番手,2,1,1,890.0,250.0,50.0,50.0,445.0,125.0
中山,芝,3210,4-6番手,2,0,1,0.0,190.0,0.0,50.0,0.0,95.0
中山,芝,3210,7-10番手,5,0,0,0.0,0.0,0.0,0.0,0.0,0.0
中山,芝,3210,11番手以下,1,0,0,0.0,0.0,0.0,0.0,0.0,0.0
中山,芝,3350,1番手,2,0,0,0.0,0.0,0.0,0.0,0.0,0.0
中山,芝,3350,2-3番手,3,0,1,0.0,170.0,0.0,33.33,0.0,56.67
中山,芝,3350,4-6番手,5,1,3,1710.0,1020.0,20.0,60.0,342.0,204.0
中山,芝,3350,7-10番手,5,1,1,1080.0,240.0,20.0,20.0,216.0,48.0
中山,芝,3350,11番手以下,3,0,0,0.0,0.0,0.0,0.0,0.0,0.0
中山,芝,3570,1番手,2,0,1,0.0,140.0,0.0,50.0,0.0,70.0
中山,芝,3570,2-3番手,5,0,0,0.0,0.0,0.0,0.0,0.0,0.0
中山,芝,3570,4-6番手,4,0,1,0.0,290.0,0.0,25.0,0.0,72.5
中山,芝,3570,7-10番手,4,0,1,0.0,220.0,0.0,25.0,0.0,55.0
中山,芝,3570,11番手以下,1,0,0,0.0,0.0,0.0,0.0,0.0,0.0
中山,芝,3600,1番手,2,0,1,0.0,530.0,0.0,50.0,0.0,265.0
中山,芝,3600,2-3番手,6,0,0,0.0,0.0,0.0,0.0,0.0,0.0
中山,芝,3600,4-6番手,7,1,3,310.0,730.0,14.29,42.86,44.29,104.29
中山,芝,3600,7-10番手,6,1,3,240.0,940.0,16.67,50.0,40.0,156.67
中山,芝,3600,11番手以下,6,0,0,0.0,0.0,0.0,0.0,0.0,0.0
中山,芝,4100,1番手,2,1,2,120.0,230.0,50.0,100.0,60.0,115.0
中山,芝,4100,2-3番手,4,2,2,950.0,340.0,50.0,50.0,237.5,85.0
中山,芝,4100,4-6番手,4,0,2,0.0,290.0,0.0,50.0,0.0,72.5
中山,芝,4100,7-10番手,4,0,0,0.0,0.0,0.0,0.0,0.0,0.0
中山,芝,4100,11番手以下,3,0,0,0.0,0.0,0.0,0.0,0.0,0.0
中山,芝,4250,1番手,2,0,0,0.0,0.0,0.0,0.0,0.0,0.0
中山,芝,4250,2-3番手,1,0,0,0.0,0.0,0.0,0.0,0.0,0.0
中山,芝,4250,4-6番手,4,2,2,3180.0,680.0,50.0,50.0,795.0,170.0
中山,芝,4250,7-10番手,6,1,1,200.0,120.0,16.67,16.67,33.33,20.0
中山,芝,4250,11番手以下,2,1,1,1760.0,390.0,50.0,50.0,880.0,195.0
京都,ダ,1200,1番手,49,10,21,3650.0,4400.0,20.41,42.86,74.49,89.8
京都,ダ,1200,2-3番手,121,15,42,12170.0,12450.0,12.4,34.71,100.58,102.89
京都,ダ,1200,4-6番手,101,7,27,6810.0,8750.0,6.93,26.73,67.43,86.63
京都,ダ,1200,7-10番手,201,11,37,16380.0,17260.0,5.47,18.41,81.49,85.87
京都,ダ,1200,11番手以下,70,0,4,0.0,850.0,0.0,5.71,0.0,12.14
京都,ダ,1400,1番手,52,6,13,6750.0,4070.0,11.54,25.0,129.81,78.27
京都,ダ,1400,2-3番手,117,14,32,29410.0,16620.0,11.97,27.35,251.37,142.05
京都,ダ,1400,4-6番手,117,8,32,4340.0,7810.0,6.84,27.35,37.09,66.75
京都,ダ,1400,7-10番手,200,11,35,6260.0,13230.0,5.5,17.5,31.3,66.15
京都,ダ,1400,11番手以下,82,3,8,3860.0,2570.0,3.66,9.76,47.07,31.34
京都,ダ,1800,1番手,68,9,24,3670.0,4250.0,13.24,35.29,53.97,62.5
京都,ダ,1800,2-3番手,178,23,53,24720.0,16310.0,12.92,29.78,138.88,91.63
京都,ダ,1800,4-6番手,164,13,43,7790.0,13750.0,7.93,26.22,47.5,83.84
京都,ダ,1800,7-10番手,300,17,76,17100.0,29050.0,5.67,25.33,57.0,96.83
京都,ダ,1800,11番手以下,112,2,15,3550.0,4280.0,1.79,13.39,31.7,38.21
京都,ダ,1900,1番手,33,3,11,1710.0,3000.0,9.09,33.33,51.82,90.91
京都,ダ,1900,2-3番手,64,10,22,4820.0,8110.0,15.62,34.38,75.31,126.72
京都,ダ,1900,4-6番手,65,8,15,4200.0,3140.0,12.31,23.08,64.62,48.31
京都,ダ,1900,7-10番手,109,8,25,14650.0,8300.0,7.34,22.94,134.4,76.15
京都,ダ,1900,11番手以下,37,1,5,610.0,2890.0,2.7,13.51,16.49,78.11
京都,ダ,2910,7-10番手,4,0,0,0.0,0.0,0.0,0.0,0.0,0.0
京都,ダ,3170,1番手,1,1,1,290.0,160.0,100.0,100.0,290.0,160.0
京都,ダ,3170,2-3番手,1,0,0,0.0,0.0,0.0,0.0,0.0,0.0
京都,ダ,3170,4-6番手,1,0,0,0.0,0.0,0.0,0.0,0.0,0.0
京都,ダ,3170,7-10番手,1,0,1,0.0,990.0,0.0,100.0,0.0,990.0
京都,芝,1200,1番手,26,5,9,3730.0,2870.0,19.23,34.62,143.46,110.38
京都,芝,1200,2-3番手,60,3,13,2910.0,3130.0,5.0,21.67,48.5,52.17
京都,芝,1200,4-6番手,67,9,21,3610.0,3590.0,13.43,31.34,53.88,53.58
京都,芝,1200,7-10番手,120,8,26,13140.0,9550.0,6.67,21.67,109.5,79.58
京都,芝,1200,11番手以下,47,1,6,1540.0,2940.0,2.13,12.77,32.77,62.55
京都,芝,1400,1番手,34,4,11,2250.0,3350.0,11.76,32.35,66.18,98.53
京都,芝,1400,2-3番手,86,8,27,6250.0,6200.0,9.3,31.4,72.67,72.09
京都,芝,1400,4-6番手,96,15,31,8780.0,8310.0,15.62,32.29,91.46,86.56
京都,芝,1400,7-10番手,159,3,25,740.0,8150.0,1.89,15.72,4.65,51.26
京都,芝,1400,11番手以下,61,1,9,390.0,7210.0,1.64,14.75,6.39,118.2
京都,芝,1600,1番手,41,6,14,7080.0,5000.0,14.63,34.15,172.68,121.95
京都,芝,1600,2-3番手,95,8,31,4030.0,9510.0,8.42,32.63,42.42,100.11
京都,芝,1600,4-6番手,88,12,25,9580.0,7560.0,13.64,28.41,108.86,85.91
京都,芝,1600,7-10番手,173,8,40,3430.0,12880.0,4.62,23.12,19.83,74.45
京都,芝,1600,11番手以下,61,2,10,850.0,3940.0,3.28,16.39,13.93,64.59
京都,芝,1800,1番手,32,1,4,940.0,750.0,3.12,12.5,29.38,23.44
京都,芝,1800,2-3番手,48,5,14,4220.0,3410.0,10.42,29.17,87.92,71.04
京都,芝,1800,4-6番手,57,6,19,2950.0,3790.0,10.53,33.33,51.75,66.49
京都,芝,1800,7-10番手,107,8,25,11890.0,7580.0,7.48,23.36,111.12,70.84
京都,芝,1800,11番手以下,41,3,7,2450.0,2270.0,7.32,17.07,59.76,55.37
京都,芝,2000,1番手,36,4,8,2420.0,2480.0,11.11,22.22,67.22,68.89
京都,芝,2000,2-3番手,54,5,14,2090.0,4280.0,9.26,25.93,38.7,79.26
京都,芝,2000,4-6番手,71,11,26,8430.0,5750.0,15.49,36.62,118.73,80.99
京都,芝,2000,7-10番手,118,7,27,4070.0,7360.0,5.93,22.88,34.49,62.37
京都,芝,2000,11番手以下,41,2,7,1990.0,2060.0,4.88,17.07,48.54,50.24
京都,芝,2200,1番手,14,2,7,560.0,1290.0,14.29,50.0,40.0,92.14
京都,芝,2200,2-3番手,29,3,7,870.0,1070.0,10.34,24.14,30.0,36.9
京都,芝,2200,4-6番手,38,6,14,2120.0,3650.0,15.79,36.84,55.79,96.05
京都,芝,2200,7-10番手,74,12,27,6020.0,6350.0,16.22,36.49,81.35,85.81
京都,芝,2200,11番手以下,22,2,4,1060.0,1100.0,9.09,18.18,48.18,50.0
京都,芝,2400,1番手,14,1,2,200.0,330.0,7.14,14.29,14.29,23.57
京都,芝,2400,2-3番手,23,5,11,4040.0,2530.0,21.74,47.83,175.65,110.0
京都,芝,2400,4-6番手,30,1,8,320.0,1810.0,3.33,26.67,10.67,60.33
京都,芝,2400,7-10番手,54,6,14,3150.0,3310.0,11.11,25.93,58.33,61.3
京都,芝,2400,11番手以下,21,2,4,5120.0,1220.0,9.52,19.05,243.81,58.1
京都,芝,3000,1番手,3,0,0,0.0,0.0,0.0,0.0,0.0,0.0
京都,芝,3000,2-3番手,8,0,2,0.0,290.0,0.0,25.0,0.0,36.25
京都,芝,3000,4-6番手,7,0,0,0.0,0.0,0.0,0.0,0.0,0.0
京都,芝,3000,7-10番手,19,0,2,0.0,520.0,0.0,10.53,0.0,27.37
京都,芝,3000,11番手以下,6,0,1,0.0,150.0,0.0,16.67,0.0,25.0
京都,芝,3170,1番手,1,0,0,0.0,0.0,0.0,0.0,0.0,0.0
京都,芝,3170,2-3番手,3,0,1,0.0,180.0,0.0,33.33,0.0,60.0
京都,芝,3170,4-6番手,1,0,0,0.0,0.0,0.0,0.0,0.0,0.0
京都,芝,3170,7-10番手,3,0,1,0.0,230.0,0.0,33.33,0.0,76.67
京都,芝,3200,1番手,2,0,0,0.0,0.0,0.0,0.0,0.0,0.0
京都,芝,3200,2-3番手,5,0,2,0.0,350.0,0.0,40.0,0.0,70.0
京都,芝,3200,4-6番手,2,0,0,0.0,0.0,0.0,0.0,0.0,0.0
京都,芝,3200,7-10番手,7,1,2,750.0,560.0,14.29,28.57,107.14,80.0
京都,芝,3200,11番手以下,3,0,1,0.0,170.0,0.0,33.33,0.0,56.67
京都,芝,3930,1番手,1,0,0,0.0,0.0,0.0,0.0,0.0,0.0
京都,芝,3930,2-3番手,2,0,1,0.0,180.0,0.0,50.0,0.0,90.0
京都,芝,3930,7-10番手,3,0,1,0.0,140.0,0.0,33.33,0.0,46.67
佐賀,ダ,900,1番手,3,0,0,0.0,0.0,0.0,0.0,0.0,0.0
佐賀,ダ,900,4-6番手,1,0,0,0.0,0.0,0.0,0.0,0.0,0.0
佐賀,ダ,900,11番手以下,1,0,0,0.0,0.0,0.0,0.0,0.0,0.0
佐賀,ダ,1300,1番手,8,0,0,0.0,0.0,0.0,0.0,0.0,0.0
佐賀,ダ,1300,2-3番手,4,0,1,0.0,1000.0,0.0,25.0,0.0,250.0
佐賀,ダ,1300,4-6番手,1,0,0,0.0,0.0,0.0,0.0,0.0,0.0
佐賀,ダ,1300,7-10番手,2,0,0,0.0,0.0,0.0,0.0,0.0,0.0
佐賀,ダ,1400,1番手,13,0,0,0.0,0.0,0.0,0.0,0.0,0.0
佐賀,ダ,1400,2-3番手,8,0,0,0.0,0.0,0.0,0.0,0.0,0.0
佐賀,ダ,1400,4-6番手,4,0,0,0.0,0.0,0.0,0.0,0.0,0.0
佐賀,ダ,1400,7-10番手,12,0,0,0.0,0.0,0.0,0.0,0.0,0.0
佐賀,ダ,1400,11番手以下,1,0,0,0.0,0.0,0.0,0.0,0.0,0.0
佐賀,ダ,1750,1番手,1,0,1,0.0,650.0,0.0,100.0,0.0,650.0
佐賀,ダ,1750,4-6番手,1,0,0,0.0,0.0,0.0,0.0,0.0,0.0
佐賀,ダ,1750,7-10番手,1,0,0,0.0,0.0,0.0,0.0,0.0,0.0
佐賀,ダ,1800,4-6番手,1,0,0,0.0,0.0,0.0,0.0,0.0,0.0
佐賀,ダ,1800,7-10番手,1,0,0,0.0,0.0,0.0,0.0,0.0,0.0
佐賀,ダ,2000,2-3番手,3,1,1,1350.0,370.0,33.33,33.33,450.0,123.33
佐賀,ダ,2000,4-6番手,3,0,0,0.0,0.0,0.0,0.0,0.0,0.0
佐賀,ダ,2000,11番手以下,1,0,0,0.0,0.0,0.0,0.0,0.0,0.0
函館,ダ,1000,1番手,31,6,10,2610.0,1860.0,19.35,32.26,84.19,60.0
函館,ダ,1000,2-3番手,47,11,19,5290.0,3330.0,23.4,40.43,112.55,70.85
函館,ダ,1000,4-6番手,45,2,13,3370.0,3910.0,4.44,28.89,74.89,86.89
函館,ダ,1000,7-10番手,98,4,17,5520.0,7570.0,4.08,17.35,56.33,77.24
函館,ダ,1000,11番手以下,22,0,3,0.0,520.0,0.0,13.64,0.0,23.64
函館,ダ,1700,1番手,56,5,19,2500.0,3520.0,8.93,33.93,44.64,62.86
函館,ダ,1700,2-3番手,130,14,37,8170.0,7870.0,10.77,28.46,62.85,60.54
函館,ダ,1700,4-6番手,121,11,37,12700.0,11000.0,9.09,30.58,104.96,90.91
函館,ダ,1700,7-10番手,205,14,41,18480.0,14540.0,6.83,20.0,90.15,70.93
函館,ダ,1700,11番手以下,81,2,8,3300.0,5540.0,2.47,9.88,40.74,68.4
函館,ダ,2400,1番手,2,0,1,0.0,270.0,0.0,50.0,0.0,135.0
函館,ダ,2400,2-3番手,5,0,1,0.0,400.0,0.0,20.0,0.0,80.0
函館,ダ,2400,4-6番手,2,0,0,0.0,0.0,0.0,0.0,0.0,0.0
函館,ダ,2400,7-10番手,6,0,1,0.0,260.0,0.0,16.67,0.0,43.33
函館,ダ,2400,11番手以下,1,0,0,0.0,0.0,0.0,0.0,0.0,0.0
函館,芝,1000,1番手,3,0,1,0.0,250.0,0.0,33.33,0.0,83.33
函館,芝,1200,1番手,73,7,17,3490.0,3660.0,9.59,23.29,47.81,50.14
函館,芝,1200,2-3番手,168,14,52,10880.0,15420.0,8.33,30.95,64.76,91.79
函館,芝,1200,4-6番手,157,13,32,7300.0,8390.0,8.28,20.38,46.5,53.44
函館,芝,1200,7-10番手,290,18,58,13940.0,19060.0,6.21,20.0,48.07,65.72
函館,芝,1200,11番手以下,102,3,12,8060.0,3650.0,2.94,11.76,79.02,35.78
函館,芝,1800,1番手,34,6,11,4180.0,2790.0,17.65,32.35,122.94,82.06
函館,芝,1800,2-3番手,73,6,21,2510.0,5790.0,8.22,28.77,34.38,79.32
函館,芝,1800,4-6番手,65,7,15,7400.0,3660.0,10.77,23.08,113.85,56.31
函館,芝,1800,7-10番手,128,11,31,9170.0,11780.0,8.59,24.22,71.64,92.03
函館,芝,1800,11番手以下,46,4,10,10480.0,4140.0,8.7,21.74,227.83,90.0
函館,芝,2000,1番手,20,0,5,0.0,1280.0,0.0,25.0,0.0,64.0
函館,芝,2000,2-3番手,49,2,14,540.0,4810.0,4.08,28.57,11.02,98.16
函館,芝,2000,4-6番手,49,4,15,3350.0,7370.0,8.16,30.61,68.37,150.41
函館,芝,2000,7-10番手,83,6,14,6410.0,6450.0,7.23,16.87,77.23,77.71
函館,芝,2000,11番手以下,30,0,0,0.0,0.0,0.0,0.0,0.0,0.0
函館,芝,2600,1番手,13,1,4,900.0,800.0,7.69,30.77,69.23,61.54
函館,芝,2600,2-3番手,16,2,5,820.0,1700.0,12.5,31.25,51.25,106.25
函館,芝,2600,4-6番手,26,0,4,0.0,670.0,0.0,15.38,0.0,25.77
函館,芝,2600,7-10番手,46,0,6,0.0,1280.0,0.0,13.04,0.0,27.83
函館,芝,2600,11番手以下,12,0,2,0.0,1570.0,0.0,16.67,0.0,130.83
名古,ダ,920,4-6番手,2,0,0,0.0,0.0,0.0,0.0,0.0,0.0
名古,ダ,1400,2-3番手,1,0,0,0.0,0.0,0.0,0.0,0.0,0.0
名古,ダ,1400,4-6番手,2,0,0,0.0,0.0,0.0,0.0,0.0,0.0
名古,ダ,1500,1番手,33,1,3,1230.0,1330.0,3.03,9.09,37.27,40.3
名古,ダ,1500,2-3番手,12,0,2,0.0,2820.0,0.0,16.67,0.0,235.0
名古,ダ,1500,4-6番手,20,0,1,0.0,160.0,0.0,5.0,0.0,8.0
名古,ダ,1500,7-10番手,15,0,1,0.0,1800.0,0.0,6.67,0.0,120.0
名古,ダ,1500,11番手以下,3,0,0,0.0,0.0,0.0,0.0,0.0,0.0
名古,ダ,1700,1番手,6,0,1,0.0,360.0,0.0,16.67,0.0,60.0
名古,ダ,1700,2-3番手,6,0,0,0.0,0.0,0.0,0.0,0.0,0.0
名古,ダ,1700,4-6番手,3,0,0,0.0,0.0,0.0,0.0,0.0,0.0
名古,ダ,1700,7-10番手,3,0,0,0.0,0.0,0.0,0.0,0.0,0.0
名古,ダ,2000,1番手,5,1,1,390.0,180.0,20.0,20.0,78.0,36.0
名古,ダ,2000,2-3番手,2,0,1,0.0,120.0,0.0,50.0,0.0,60.0
名古,ダ,2000,4-6番手,6,0,0,0.0,0.0,0.0,0.0,0.0,0.0
名古,ダ,2000,7-10番手,3,0,0,0.0,0.0,0.0,0.0,0.0,0.0
名古,ダ,2100,1番手,3,0,0,0.0,0.0,0.0,0.0,0.0,0.0
名古,ダ,2100,2-3番手,4,0,0,0.0,0.0,0.0,0.0,0.0,0.0
名古,ダ,2100,4-6番手,4,0,1,0.0,330.0,0.0,25.0,0.0,82.5
名古,ダ,2100,7-10番手,4,0,0,0.0,0.0,0.0,0.0,0.0,0.0
名古,ダ,2500,7-10番手,1,0,0,0.0,0.0,0.0,0.0,0.0,0.0
園田,ダ,820,1番手,6,0,1,0.0,480.0,0.0,16.67,0.0,80.0
園田,ダ,820,4-6番手,1,0,0,0.0,0.0,0.0,0.0,0.0,0.0
園田,ダ,1230,1番手,7,0,1,0.0,350.0,0.0,14.29,0.0,50.0
園田,ダ,1230,2-3番手,5,0,1,0.0,1130.0,0.0,20.0,0.0,226.0
園田,ダ,1230,4-6番手,3,0,0,0.0,0.0,0.0,0.0,0.0,0.0
園田,ダ,1230,7-10番手,4,0,0,0.0,0.0,0.0,0.0,0.0,0.0
園田,ダ,1230,11番手以下,1,0,0,0.0,0.0,0.0,0.0,0.0,0.0
園田,ダ,1400,1番手,52,2,8,1040.0,4390.0,3.85,15.38,20.0,84.42
園田,ダ,1400,2-3番手,45,5,9,9780.0,4560.0,11.11,20.0,217.33,101.33
園田,ダ,1400,4-6番手,34,0,4,0.0,2060.0,0.0,11.76,0.0,60.59
園田,ダ,1400,7-10番手,36,0,3,0.0,2680.0,0.0,8.33,0.0,74.44
園田,ダ,1400,11番手以下,4,0,0,0.0,0.0,0.0,0.0,0.0,0.0
園田,ダ,1700,1番手,2,0,0,0.0,0.0,0.0,0.0,0.0,0.0
園田,ダ,1700,2-3番手,2,0,0,0.0,0.0,0.0,0.0,0.0,0.0
園田,ダ,1700,4-6番手,4,0,1,0.0,870.0,0.0,25.0,0.0,217.5
園田,ダ,1700,7-10番手,4,0,0,0.0,0.0,0.0,0.0,0.0,0.0
園田,ダ,1700,11番手以下,1,0,0,0.0,0.0,0.0,0.0,0.0,0.0
園田,ダ,1870,1番手,7,1,1,6070.0,1230.0,14.29,14.29,867.14,175.71
園田,ダ,1870,2-3番手,7,1,1,320.0,190.0,14.29,14.29,45.71,27.14
園田,ダ,1870,4-6番手,6,1,2,210.0,540.0,16.67,33.33,35.0,90.0
園田,ダ,1870,7-10番手,6,0,0,0.0,0.0,0.0,0.0,0.0,0.0
園田,ダ,1870,11番手以下,4,0,0,0.0,0.0,0.0,0.0,0.0,0.0
園田,ダ,2400,11番手以下,1,0,0,0.0,0.0,0.0,0.0,0.0,0.0
大井,ダ,1000,11番手以下,1,0,0,0.0,0.0,0.0,0.0,0.0,0.0
大井,ダ,1200,1番手,4,0,0,0.0,0.0,0.0,0.0,0.0,0.0
大井,ダ,1200,2-3番手,4,0,1,0.0,3000.0,0.0,25.0,0.0,750.0
大井,ダ,1200,4-6番手,7,0,4,0.0,1640.0,0.0,57.14,0.0,234.29
大井,ダ,1200,7-10番手,16,2,2,1550.0,620.0,12.5,12.5,96.88,38.75
大井,ダ,1200,11番手以下,3,0,0,0.0,0.0,0.0,0.0,0.0,0.0
大井,ダ,1400,1番手,3,0,0,0.0,0.0,0.0,0.0,0.0,0.0
大井,ダ,1400,11番手以下,1,0,0,0.0,0.0,0.0,0.0,0.0,0.0
大井,ダ,1600,1番手,4,0,0,0.0,0.0,0.0,0.0,0.0,0.0
大井,ダ,1600,2-3番手,4,0,1,0.0,150.0,0.0,25.0,0.0,37.5
大井,ダ,1600,4-6番手,6,0,0,0.0,0.0,0.0,0.0,0.0,0.0
大井,ダ,1600,7-10番手,6,0,0,0.0,0.0,0.0,0.0,0.0,0.0
大井,ダ,1700,7-10番手,1,0,0,0.0,0.0,0.0,0.0,0.0,0.0
大井,ダ,1800,1番手,1,0,0,0.0,0.0,0.0,0.0,0.0,0.0
大井,ダ,1800,2-3番手,5,0,1,0.0,270.0,0.0,20.0,0.0,54.0
大井,ダ,1800,4-6番手,1,0,0,0.0,0.0,0.0,0.0,0.0,0.0
大井,ダ,1800,7-10番手,7,1,3,2590.0,970.0,14.29,42.86,370.0,138.57
大井,ダ,2000,1番手,9,0,1,0.0,620.0,0.0,11.11,0.0,68.89
大井,ダ,2000,2-3番手,6,1,2,310.0,570.0,16.67,33.33,51.67,95.0
大井,ダ,2000,4-6番手,5,1,3,260.0,2230.0,20.0,60.0,52.0,446.0
大井,ダ,2000,7-10番手,11,0,2,0.0,310.0,0.0,18.18,0.0,28.18
大井,ダ,2000,11番手以下,5,0,1,0.0,210.0,0.0,20.0,0.0,42.0
大井,ダ,2600,7-10番手,1,0,0,0.0,0.0,0.0,0.0,0.0,0.0
姫路,ダ,800,1番手,1,0,0,0.0,0.0,0.0,0.0,0.0,0.0
姫路,ダ,800,2-3番手,1,0,0,0.0,0.0,0.0,0.0,0.0,0.0
姫路,ダ,800,4-6番手,1,0,0,0.0,0.0,0.0,0.0,0.0,0.0
姫路,ダ,1400,1番手,3,0,1,0.0,310.0,0.0,33.33,0.0,103.33
姫路,ダ,1400,2-3番手,5,0,0,0.0,0.0,0.0,0.0,0.0,0.0
姫路,ダ,1400,4-6番手,2,0,1,0.0,160.0,0.0,50.0,0.0,80.0
姫路,ダ,1400,7-10番手,1,0,0,0.0,0.0,0.0,0.0,0.0,0.0
姫路,ダ,1400,11番手以下,1,0,0,0.0,0.0,0.0,0.0,0.0,0.0
姫路,ダ,1500,1番手,7,0,1,0.0,290.0,0.0,14.29,0.0,41.43
姫路,ダ,1500,2-3番手,3,0,0,0.0,0.0,0.0,0.0,0.0,0.0
姫路,ダ,1500,4-6番手,3,0,0,0.0,0.0,0.0,0.0,0.0,0.0
姫路,ダ,1500,7-10番手,3,0,1,0.0,910.0,0.0,33.33,0.0,303.33
姫路,ダ,1800,2-3番手,1,0,0,0.0,0.0,0.0,0.0,0.0,0.0
小倉,ダ,1000,1番手,48,4,13,1600.0,3380.0,8.33,27.08,33.33,70.42
小倉,ダ,1000,2-3番手,77,5,23,1810.0,4850.0,6.49,29.87,23.51,62.99
小倉,ダ,1000,4-6番手,84,5,20,5660.0,6260.0,5.95,23.81,67.38,74.52
小倉,ダ,1000,7-10番手,121,7,16,10660.0,6200.0,5.79,13.22,88.1,51.24
小倉,ダ,1000,11番手以下,64,1,3,5220.0,1240.0,1.56,4.69,81.56,19.38
小倉,ダ,1700,1番手,101,12,28,7040.0,7420.0,11.88,27.72,69.7,73.47
小倉,ダ,1700,2-3番手,271,33,70,22810.0,23420.0,12.18,25.83,84.17,86.42
小倉,ダ,1700,4-6番手,239,19,56,26840.0,23800.0,7.95,23.43,112.3,99.58
小倉,ダ,1700,7-10番手,397,18,62,23800.0,23370.0,4.53,15.62,59.95,58.87
小倉,ダ,1700,11番手以下,147,2,15,3500.0,10180.0,1.36,10.2,23.81,69.25
小倉,ダ,2400,1番手,2,1,2,260.0,400.0,50.0,100.0,130.0,200.0
小倉,ダ,2400,2-3番手,11,4,6,1940.0,1640.0,36.36,54.55,176.36,149.09
小倉,ダ,2400,4-6番手,7,0,1,0.0,650.0,0.0,14.29,0.0,92.86
小倉,ダ,2400,7-10番手,14,1,6,1240.0,2020.0,7.14,42.86,88.57,144.29
小倉,ダ,2400,11番手以下,4,1,1,280.0,150.0,25.0,25.0,70.0,37.5
小倉,芝,1200,1番手,104,10,28,4740.0,7690.0,9.62,26.92,45.58,73.94
小倉,芝,1200,2-3番手,289,24,77,28450.0,23990.0,8.3,26.64,98.44,83.01
小倉,芝,1200,4-6番手,275,25,61,24880.0,18390.0,9.09,22.18,90.47,66.87
小倉,芝,1200,7-10番手,491,20,77,19510.0,30080.0,4.07,15.68,39.74,61.26
小倉,芝,1200,11番手以下,147,4,11,2360.0,7940.0,2.72,7.48,16.05,54.01
小倉,芝,1800,1番手,58,5,12,4640.0,2920.0,8.62,20.69,80.0,50.34
小倉,芝,1800,2-3番手,150,15,41,11920.0,10010.0,10.0,27.33,79.47,66.73
小倉,芝,1800,4-6番手,124,6,25,7820.0,7110.0,4.84,20.16,63.06,57.34
小倉,芝,1800,7-10番手,257,14,64,32650.0,35630.0,5.45,24.9,127.04,138.64
小倉,芝,1800,11番手以下,73,1,7,7670.0,4340.0,1.37,9.59,105.07,59.45
小倉,芝,2000,1番手,51,11,16,4410.0,2590.0,21.57,31.37,86.47,50.78
小倉,芝,2000,2-3番手,114,10,35,9510.0,11050.0,8.77,30.7,83.42,96.93
小倉,芝,2000,4-6番手,119,9,37,2480.0,9410.0,7.56,31.09,20.84,79.08
小倉,芝,2000,7-10番手,194,6,36,3770.0,13110.0,3.09,18.56,19.43,67.58
小倉,芝,2000,11番手以下,72,0,7,0.0,1970.0,0.0,9.72,0.0,27.36
小倉,芝,2600,1番手,20,2,6,860.0,1250.0,10.0,30.0,43.0,62.5
小倉,芝,2600,2-3番手,44,2,11,770.0,3030.0,4.55,25.0,17.5,68.86
小倉,芝,2600,4-6番手,45,2,11,1840.0,2520.0,4.44,24.44,40.89,56.0
小倉,芝,2600,7-10番手,81,6,21,3850.0,8310.0,7.41,25.93,47.53,102.59
小倉,芝,2600,11番手以下,25,0,2,0.0,530.0,0.0,8.0,0.0,21.2
小倉,芝,2860,1番手,12,0,3,0.0,610.0,0.0,25.0,0.0,50.83
小倉,芝,2860,2-3番手,5,1,1,430.0,160.0,20.0,20.0,86.0,32.0
小倉,芝,2860,4-6番手,5,0,1,0.0,150.0,0.0,20.0,0.0,30.0
小倉,芝,2860,7-10番手,32,0,2,0.0,980.0,0.0,6.25,0.0,30.63
小倉,芝,2860,11番手以下,14,0,3,0.0,1600.0,0.0,21.43,0.0,114.29
小倉,芝,3390,1番手,8,0,2,0.0,380.0,0.0,25.0,0.0,47.5
小倉,芝,3390,2-3番手,15,2,11,660.0,3190.0,13.33,73.33,44.0,212.67
小倉,芝,3390,4-6番手,18,0,2,0.0,730.0,0.0,11.11,0.0,40.56
小倉,芝,3390,7-10番手,13,0,1,0.0,230.0,0.0,7.69,0.0,17.69
小倉,芝,3390,11番手以下,2,0,0,0.0,0.0,0.0,0.0,0.0,0.0
川崎,ダ,900,1番手,1,0,0,0.0,0.0,0.0,0.0,0.0,0.0
川崎,ダ,900,2-3番手,1,0,0,0.0,0.0,0.0,0.0,0.0,0.0
川崎,ダ,900,4-6番手,1,0,0,0.0,0.0,0.0,0.0,0.0,0.0
川崎,ダ,900,7-10番手,2,0,0,0.0,0.0,0.0,0.0,0.0,0.0
川崎,ダ,1400,1番手,8,0,0,0.0,0.0,0.0,0.0,0.0,0.0
川崎,ダ,1400,2-3番手,3,0,0,0.0,0.0,0.0,0.0,0.0,0.0
川崎,ダ,1400,4-6番手,2,0,0,0.0,0.0,0.0,0.0,0.0,0.0
川崎,ダ,1400,7-10番手,2,0,1,0.0,630.0,0.0,50.0,0.0,315.0
川崎,ダ,1400,11番手以下,2,0,0,0.0,0.0,0.0,0.0,0.0,0.0
川崎,ダ,1500,1番手,3,0,0,0.0,0.0,0.0,0.0,0.0,0.0
川崎,ダ,1500,2-3番手,4,0,1,0.0,2780.0,0.0,25.0,0.0,695.0
川崎,ダ,1500,4-6番手,6,0,1,0.0,170.0,0.0,16.67,0.0,28.33
川崎,ダ,1500,7-10番手,8,0,0,0.0,0.0,0.0,0.0,0.0,0.0
川崎,ダ,1500,11番手以下,2,0,0,0.0,0.0,0.0,0.0,0.0,0.0
川崎,ダ,1600,1番手,17,1,5,210.0,3170.0,5.88,29.41,12.35,186.47
川崎,ダ,1600,2-3番手,15,1,2,610.0,1040.0,6.67,13.33,40.67,69.33
川崎,ダ,1600,4-6番手,14,1,3,740.0,2130.0,7.14,21.43,52.86,152.14
川崎,ダ,1600,7-10番手,37,1,2,1610.0,800.0,2.7,5.41,43.51,21.62
川崎,ダ,1600,11番手以下,8,0,0,0.0,0.0,0.0,0.0,0.0,0.0
川崎,ダ,2000,2-3番手,1,0,0,0.0,0.0,0.0,0.0,0.0,0.0
川崎,ダ,2000,4-6番手,2,0,0,0.0,0.0,0.0,0.0,0.0,0.0
川崎,ダ,2000,7-10番手,1,0,0,0.0,0.0,0.0,0.0,0.0,0.0
川崎,ダ,2100,1番手,1,0,0,0.0,0.0,0.0,0.0,0.0,0.0
川崎,ダ,2100,2-3番手,2,0,0,0.0,0.0,0.0,0.0,0.0,0.0
川崎,ダ,2100,4-6番手,2,0,1,0.0,190.0,0.0,50.0,0.0,95.0
川崎,ダ,2100,7-10番手,4,0,2,0.0,1090.0,0.0,50.0,0.0,272.5
川崎,ダ,2100,11番手以下,1,0,0,0.0,0.0,0.0,0.0,0.0,0.0
新潟,ダ,1200,1番手,75,9,20,4910.0,5150.0,12.0,26.67,65.47,68.67
新潟,ダ,1200,2-3番手,144,14,42,14540.0,11730.0,9.72,29.17,100.97,81.46
新潟,ダ,1200,4-6番手,170,9,35,9030.0,13160.0,5.29,20.59,53.12,77.41
新潟,ダ,1200,7-10番手,303,17,47,21630.0,20360.0,5.61,15.51,71.39,67.19
新潟,ダ,1200,11番手以下,114,2,14,1720.0,8150.0,1.75,12.28,15.09,71.49
新潟,ダ,1800,1番手,83,8,27,3260.0,6120.0,9.64,32.53,39.28,73.73
新潟,ダ,1800,2-3番手,193,21,61,9410.0,16580.0,10.88,31.61,48.76,85.91
新潟,ダ,1800,4-6番手,195,16,44,9200.0,13360.0,8.21,22.56,47.18,68.51
新潟,ダ,1800,7-10番手,375,18,74,19560.0,35380.0,4.8,19.73,52.16,94.35
新潟,ダ,1800,11番手以下,119,3,14,7130.0,7930.0,2.52,11.76,59.92,66.64
新潟,ダ,2500,1番手,2,0,0,0.0,0.0,0.0,0.0,0.0,0.0
新潟,ダ,2500,2-3番手,1,0,0,0.0,0.0,0.0,0.0,0.0,0.0
新潟,ダ,2500,4-6番手,1,0,0,0.0,0.0,0.0,0.0,0.0,0.0
新潟,ダ,2500,7-10番手,4,0,0,0.0,0.0,0.0,0.0,0.0,0.0
新潟,ダ,2500,11番手以下,2,0,1,0.0,270.0,0.0,50.0,0.0,135.0
新潟,芝,1000,1番手,48,0,9,0.0,2750.0,0.0,18.75,0.0,57.29
新潟,芝,1000,2-3番手,103,6,18,3270.0,6940.0,5.83,17.48,31.75,67.38
新潟,芝,1000,4-6番手,110,9,18,7540.0,7230.0,8.18,16.36,68.55,65.73
新潟,芝,1000,7-10番手,203,11,30,31390.0,23920.0,5.42,14.78,154.63,117.83
新潟,芝,1000,11番手以下,87,3,8,4260.0,5630.0,3.45,9.2,48.97,64.71
新潟,芝,1200,1番手,23,2,7,870.0,1350.0,8.7,30.43,37.83,58.7
新潟,芝,1200,2-3番手,71,12,20,15930.0,6650.0,16.9,28.17,224.37,93.66
新潟,芝,1200,4-6番手,58,10,12,6280.0,2660.0,17.24,20.69,108.28,45.86
新潟,芝,1200,7-10番手,115,4,22,4090.0,8570.0,3.48,19.13,35.57,74.52
新潟,芝,1200,11番手以下,39,2,5,1400.0,1620.0,5.13,12.82,35.9,41.54
新潟,芝,1400,1番手,25,2,7,1360.0,1610.0,8.0,28.0,54.4,64.4
新潟,芝,1400,2-3番手,76,6,15,5170.0,4160.0,7.89,19.74,68.03,54.74
新潟,芝,1400,4-6番手,85,2,13,9400.0,5300.0,2.35,15.29,110.59,62.35
新潟,芝,1400,7-10番手,121,6,23,5520.0,10680.0,4.96,19.01,45.62,88.26
新潟,芝,1400,11番手以下,40,1,5,2880.0,4250.0,2.5,12.5,72.0,106.25
新潟,芝,1600,1番手,23,2,4,1600.0,1790.0,8.7,17.39,69.57,77.83
新潟,芝,1600,2-3番手,72,7,15,4340.0,4380.0,9.72,20.83,60.28,60.83
新潟,芝,1600,4-6番手,73,6,18,2930.0,6760.0,8.22,24.66,40.14,92.6
新潟,芝,1600,7-10番手,128,16,32,9270.0,9140.0,12.5,25.0,72.42,71.41
新潟,芝,1600,11番手以下,45,1,4,320.0,2980.0,2.22,8.89,7.11,66.22
新潟,芝,1800,1番手,36,5,10,4520.0,2280.0,13.89,27.78,125.56,63.33
新潟,芝,1800,2-3番手,82,7,19,3340.0,4860.0,8.54,23.17,40.73,59.27
新潟,芝,1800,4-6番手,90,4,21,1690.0,5660.0,4.44,23.33,18.78,62.89
新潟,芝,1800,7-10番手,173,13,37,19010.0,9910.0,7.51,21.39,109.88,57.28
新潟,芝,1800,11番手以下,59,2,7,790.0,4630.0,3.39,11.86,13.39,78.47
新潟,芝,2000,1番手,24,4,5,5270.0,2030.0,16.67,20.83,219.58,84.58
新潟,芝,2000,2-3番手,76,4,18,3530.0,9280.0,5.26,23.68,46.45,122.11
新潟,芝,2000,4-6番手,75,3,14,2530.0,3690.0,4.0,18.67,33.73,49.2
新潟,芝,2000,7-10番手,125,7,27,7400.0,9000.0,5.6,21.6,59.2,72.0
新潟,芝,2000,11番手以下,45,1,5,3450.0,3860.0,2.22,11.11,76.67,85.78
新潟,芝,2200,1番手,16,0,3,0.0,670.0,0.0,18.75,0.0,41.88
新潟,芝,2200,2-3番手,31,5,14,2130.0,2590.0,16.13,45.16,68.71,83.55
新潟,芝,2200,4-6番手,45,4,10,4820.0,1810.0,8.89,22.22,107.11,40.22
新潟,芝,2200,7-10番手,62,11,18,5860.0,4900.0,17.74,29.03,94.52,79.03
新潟,芝,2200,11番手以下,19,2,5,1700.0,3820.0,10.53,26.32,89.47,201.05
新潟,芝,2400,1番手,6,0,1,0.0,110.0,0.0,16.67,0.0,18.33
新潟,芝,2400,2-3番手,11,0,0,0.0,0.0,0.0,0.0,0.0,0.0
新潟,芝,2400,4-6番手,15,4,6,3310.0,1130.0,26.67,40.0,220.67,75.33
新潟,芝,2400,7-10番手,19,3,5,1810.0,990.0,15.79,26.32,95.26,52.11
新潟,芝,2400,11番手以下,7,0,0,0.0,0.0,0.0,0.0,0.0,0.0
新潟,芝,2850,1番手,4,0,0,0.0,0.0,0.0,0.0,0.0,0.0
新潟,芝,2850,2-3番手,4,0,1,0.0,390.0,0.0,25.0,0.0,97.5
新潟,芝,2850,4-6番手,3,0,0,0.0,0.0,0.0,0.0,0.0,0.0
新潟,芝,2850,7-10番手,11,0,1,0.0,1240.0,0.0,9.09,0.0,112.73
新潟,芝,2850,11番手以下,5,0,2,0.0,2060.0,0.0,40.0,0.0,412.0
新潟,芝,2890,1番手,3,0,0,0.0,0.0,0.0,0.0,0.0,0.0
新潟,芝,2890,2-3番手,5,0,1,0.0,340.0,0.0,20.0,0.0,68.0
新潟,芝,2890,4-6番手,8,0,0,0.0,0.0,0.0,0.0,0.0,0.0
新潟,芝,2890,7-10番手,10,0,0,0.0,0.0,0.0,0.0,0.0,0.0
新潟,芝,2890,11番手以下,15,0,1,0.0,920.0,0.0,6.67,0.0,61.33
新潟,芝,3250,1番手,5,1,2,140.0,480.0,20.0,40.0,28.0,96.0
新潟,芝,3250,2-3番手,5,1,2,630.0,380.0,20.0,40.0,126.0,76.0
新潟,芝,3250,4-6番手,5,1,2,290.0,410.0,20.0,40.0,58.0,82.0
新潟,芝,3250,7-10番手,6,0,0,0.0,0.0,0.0,0.0,0.0,0.0
新潟,芝,3250,11番手以下,5,0,0,0.0,0.0,0.0,0.0,0.0,0.0
新潟,芝,3290,1番手,2,0,0,0.0,0.0,0.0,0.0,0.0,0.0
新潟,芝,3290,2-3番手,2,0,0,0.0,0.0,0.0,0.0,0.0,0.0
新潟,芝,3290,4-6番手,4,0,1,0.0,180.0,0.0,25.0,0.0,45.0
新潟,芝,3290,7-10番手,4,0,1,0.0,300.0,0.0,25.0,0.0,75.0
札幌,ダ,1000,1番手,19,2,4,650.0,580.0,10.53,21.05,34.21,30.53
札幌,ダ,1000,2-3番手,36,2,8,630.0,2430.0,5.56,22.22,17.5,67.5
札幌,ダ,1000,4-6番手,23,0,3,0.0,1150.0,0.0,13.04,0.0,50.0
札幌,ダ,1000,7-10番手,65,1,8,600.0,3140.0,1.54,12.31,9.23,48.31
札幌,ダ,1000,11番手以下,26,0,1,0.0,370.0,0.0,3.85,0.0,14.23
札幌,ダ,1700,1番手,60,4,13,1440.0,2960.0,6.67,21.67,24.0,49.33
札幌,ダ,1700,2-3番手,135,7,34,3570.0,7750.0,5.19,25.19,26.44,57.41
札幌,ダ,1700,4-6番手,115,8,23,5610.0,6380.0,6.96,20.0,48.78,55.48
札幌,ダ,1700,7-10番手,194,12,35,22070.0,14140.0,6.19,18.04,113.76,72.89
札幌,ダ,1700,11番手以下,73,1,3,700.0,1050.0,1.37,4.11,9.59,14.38
札幌,ダ,2400,1番手,2,0,1,0.0,180.0,0.0,50.0,0.0,90.0
札幌,ダ,2400,2-3番手,3,0,1,0.0,120.0,0.0,33.33,0.0,40.0
札幌,ダ,2400,4-6番手,3,2,2,4110.0,1000.0,66.67,66.67,1370.0,333.33
札幌,ダ,2400,7-10番手,6,1,2,5620.0,1150.0,16.67,33.33,936.67,191.67
札幌,芝,1200,1番手,37,3,10,1640.0,1980.0,8.11,27.03,44.32,53.51
札幌,芝,1200,2-3番手,100,7,26,7110.0,9370.0,7.0,26.0,71.1,93.7
札幌,芝,1200,4-6番手,77,7,18,4250.0,5300.0,9.09,23.38,55.19,68.83
札幌,芝,1200,7-10番手,152,1,28,580.0,12570.0,0.66,18.42,3.82,82.7
札幌,芝,1200,11番手以下,52,3,6,8730.0,3240.0,5.77,11.54,167.88,62.31
札幌,芝,1500,1番手,28,10,12,9260.0,3670.0,35.71,42.86,330.71,131.07
札幌,芝,1500,2-3番手,54,6,10,3030.0,1740.0,11.11,18.52,56.11,32.22
札幌,芝,1500,4-6番手,42,3,9,3170.0,1970.0,7.14,21.43,75.48,46.9
札幌,芝,1500,7-10番手,76,3,11,12000.0,4740.0,3.95,14.47,157.89,62.37
札幌,芝,1500,11番手以下,31,0,1,0.0,170.0,0.0,3.23,0.0,5.48
札幌,芝,1800,1番手,31,3,10,1170.0,2220.0,9.68,32.26,37.74,71.61
札幌,芝,1800,2-3番手,57,4,14,12050.0,6160.0,7.02,24.56,211.4,108.07
札幌,芝,1800,4-6番手,58,6,12,18500.0,4460.0,10.34,20.69,318.97,76.9
札幌,芝,1800,7-10番手,88,5,21,1900.0,7480.0,5.68,23.86,21.59,85.0
札幌,芝,1800,11番手以下,33,0,3,0.0,910.0,0.0,9.09,0.0,27.58
札幌,芝,2000,1番手,31,4,11,3310.0,3310.0,12.9,35.48,106.77,106.77
札幌,芝,2000,2-3番手,85,8,30,6360.0,9080.0,9.41,35.29,74.82,106.82
札幌,芝,2000,4-6番手,57,3,11,2900.0,3080.0,5.26,19.3,50.88,54.04
札幌,芝,2000,7-10番手,129,10,25,10930.0,13010.0,7.75,19.38,84.73,100.85
札幌,芝,2000,11番手以下,38,1,3,170.0,940.0,2.63,7.89,4.47,24.74
札幌,芝,2600,1番手,15,2,4,800.0,710.0,13.33,26.67,53.33,47.33
札幌,芝,2600,2-3番手,34,3,7,3200.0,1910.0,8.82,20.59,94.12,56.18
札幌,芝,2600,4-6番手,39,2,10,650.0,2500.0,5.13,25.64,16.67,64.1
札幌,芝,2600,7-10番手,58,3,10,950.0,5770.0,5.17,17.24,16.38,99.48
札幌,芝,2600,11番手以下,24,1,2,1310.0,750.0,4.17,8.33,54.58,31.25
東京,ダ,1300,1番手,22,1,6,700.0,1470.0,4.55,27.27,31.82,66.82
東京,ダ,1300,2-3番手,71,9,22,5360.0,7360.0,12.68,30.99,75.49,103.66
東京,ダ,1300,4-6番手,57,4,13,14820.0,5180.0,7.02,22.81,260.0,90.88
東京,ダ,1300,7-10番手,105,5,16,2470.0,5700.0,4.76,15.24,23.52,54.29
東京,ダ,1300,11番手以下,36,1,3,1950.0,1420.0,2.78,8.33,54.17,39.44
東京,ダ,1400,1番手,116,14,28,9100.0,6090.0,12.07,24.14,78.45,52.5
東京,ダ,1400,2-3番手,364,37,96,29580.0,27140.0,10.16,26.37,81.26,74.56
東京,ダ,1400,4-6番手,328,30,84,48320.0,35790.0,9.15,25.61,147.32,109.12
東京,ダ,1400,7-10番手,555,31,94,32790.0,34150.0,5.59,16.94,59.08,61.53
東京,ダ,1400,11番手以下,215,8,33,25600.0,16850.0,3.72,15.35,119.07,78.37
東京,ダ,1600,1番手,143,8,29,6480.0,7710.0,5.59,20.28,45.31,53.92
東京,ダ,1600,2-3番手,399,35,112,27570.0,30100.0,8.77,28.07,69.1,75.44
東京,ダ,1600,4-6番手,338,31,90,17470.0,25900.0,9.17,26.63,51.69,76.63
東京,ダ,1600,7-10番手,674,40,139,29410.0,44480.0,5.93,20.62,43.64,65.99
東京,ダ,1600,11番手以下,240,9,37,7510.0,14200.0,3.75,15.42,31.29,59.17
東京,ダ,2100,1番手,55,5,13,2330.0,2860.0,9.09,23.64,42.36,52.0
東京,ダ,2100,2-3番手,157,11,37,6230.0,8350.0,7.01,23.57,39.68,53.18
東京,ダ,2100,4-6番手,149,10,27,7910.0,7100.0,6.71,18.12,53.09,47.65
東京,ダ,2100,7-10番手,258,18,60,16400.0,18530.0,6.98,23.26,63.57,71.82
東京,ダ,2100,11番手以下,96,9,19,14000.0,8050.0,9.38,19.79,145.83,83.85
東京,ダ,3000,1番手,5,1,2,1000.0,450.0,20.0,40.0,200.0,90.0
東京,ダ,3000,2-3番手,1,0,0,0.0,0.0,0.0,0.0,0.0,0.0
東京,ダ,3000,7-10番手,4,0,0,0.0,0.0,0.0,0.0,0.0,0.0
東京,ダ,3000,11番手以下,6,0,0,0.0,0.0,0.0,0.0,0.0,0.0
東京,芝,1400,1番手,74,8,26,3830.0,6830.0,10.81,35.14,51.76,92.3
東京,芝,1400,2-3番手,184,14,46,7900.0,12260.0,7.61,25.0,42.93,66.63
東京,芝,1400,4-6番手,179,17,51,17070.0,15890.0,9.5,28.49,95.36,88.77
東京,芝,1400,7-10番手,370,23,82,23380.0,22080.0,6.22,22.16,63.19,59.68
東京,芝,1400,11番手以下,118,3,17,2670.0,6300.0,2.54,14.41,22.63,53.39
東京,芝,1600,1番手,95,8,27,4070.0,6840.0,8.42,28.42,42.84,72.0
東京,芝,1600,2-3番手,203,18,62,7370.0,17430.0,8.87,30.54,36.31,85.86
東京,芝,1600,4-6番手,213,26,68,15640.0,17940.0,12.21,31.92,73.43,84.23
東京,芝,1600,7-10番手,408,43,100,41460.0,27120.0,10.54,24.51,101.62,66.47
東京,芝,1600,11番手以下,137,6,21,16510.0,8060.0,4.38,15.33,120.51,58.83
東京,芝,1800,1番手,75,4,15,910.0,4190.0,5.33,20.0,12.13,55.87
東京,芝,1800,2-3番手,157,19,50,19790.0,14100.0,12.1,31.85,126.05,89.81
東京,芝,1800,4-6番手,144,17,44,8240.0,10280.0,11.81,30.56,57.22,71.39
東京,芝,1800,7-10番手,283,22,72,14330.0,16610.0,7.77,25.44,50.64,58.69
東京,芝,1800,11番手以下,102,5,29,6070.0,6730.0,4.9,28.43,59.51,65.98
東京,芝,2000,1番手,61,8,19,4040.0,5680.0,13.11,31.15,66.23,93.11
東京,芝,2000,2-3番手,99,15,35,6370.0,6840.0,15.15,35.35,64.34,69.09
東京,芝,2000,4-6番手,139,12,41,5700.0,9930.0,8.63,29.5,41.01,71.44
東京,芝,2000,7-10番手,241,30,67,26600.0,15530.0,12.45,27.8,110.37,64.44
東京,芝,2000,11番手以下,90,6,15,4650.0,4090.0,6.67,16.67,51.67,45.44
東京,芝,2300,1番手,3,0,0,0.0,0.0,0.0,0.0,0.0,0.0
東京,芝,2300,2-3番手,3,2,2,630.0,230.0,66.67,66.67,210.0,76.67
東京,芝,2300,4-6番手,5,1,1,180.0,110.0,20.0,20.0,36.0,22.0
東京,芝,2300,7-10番手,7,1,3,490.0,460.0,14.29,42.86,70.0,65.71
東京,芝,2300,11番手以下,4,1,2,330.0,490.0,25.0,50.0,82.5,122.5
東京,芝,2400,1番手,46,5,10,3000.0,3360.0,10.87,21.74,65.22,73.04
東京,芝,2400,2-3番手,110,10,35,11650.0,7560.0,9.09,31.82,105.91,68.73
東京,芝,2400,4-6番手,106,15,34,9540.0,7250.0,14.15,32.08,90.0,68.4
東京,芝,2400,7-10番手,222,26,81,20960.0,17340.0,11.71,36.49,94.41,78.11
東京,芝,2400,11番手以下,88,7,23,2600.0,5970.0,7.95,26.14,29.55,67.84
東京,芝,2500,1番手,5,0,2,0.0,1300.0,0.0,40.0,0.0,260.0
東京,芝,2500,2-3番手,15,0,2,0.0,320.0,0.0,13.33,0.0,21.33
東京,芝,2500,4-6番手,13,0,1,0.0,220.0,0.0,7.69,0.0,16.92
東京,芝,2500,7-10番手,34,2,7,1410.0,2240.0,5.88,20.59,41.47,65.88
東京,芝,2500,11番手以下,11,0,2,0.0,590.0,0.0,18.18,0.0,53.64
東京,芝,3110,1番手,5,1,1,170.0,110.0,20.0,20.0,34.0,22.0
東京,芝,3110,2-3番手,9,4,6,2600.0,1300.0,44.44,66.67,288.89,144.44
東京,芝,3110,4-6番手,10,0,2,0.0,480.0,0.0,20.0,0.0,48.0
東京,芝,3110,7-10番手,19,0,7,0.0,7030.0,0.0,36.84,0.0,370.0
東京,芝,3110,11番手以下,5,0,0,0.0,0.0,0.0,0.0,0.0,0.0
東京,芝,3400,1番手,2,0,0,0.0,0.0,0.0,0.0,0.0,0.0
東京,芝,3400,2-3番手,4,0,1,0.0,260.0,0.0,25.0,0.0,65.0
東京,芝,3400,4-6番手,8,0,0,0.0,0.0,0.0,0.0,0.0,0.0
東京,芝,3400,7-10番手,9,1,3,330.0,580.0,11.11,33.33,36.67,64.44
東京,芝,3400,11番手以下,5,0,0,0.0,0.0,0.0,0.0,0.0,0.0
水沢,ダ,850,2-3番手,1,0,0,0.0,0.0,0.0,0.0,0.0,0.0
水沢,ダ,1300,1番手,2,0,0,0.0,0.0,0.0,0.0,0.0,0.0
水沢,ダ,1400,1番手,7,0,0,0.0,0.0,0.0,0.0,0.0,0.0
水沢,ダ,1400,2-3番手,2,0,0,0.0,0.0,0.0,0.0,0.0,0.0
水沢,ダ,1400,7-10番手,1,0,0,0.0,0.0,0.0,0.0,0.0,0.0
水沢,ダ,1600,1番手,4,0,0,0.0,0.0,0.0,0.0,0.0,0.0
水沢,ダ,1600,2-3番手,1,0,0,0.0,0.0,0.0,0.0,0.0,0.0
水沢,ダ,1600,4-6番手,1,0,0,0.0,0.0,0.0,0.0,0.0,0.0
水沢,ダ,1600,7-10番手,3,0,0,0.0,0.0,0.0,0.0,0.0,0.0
浦和,ダ,800,1番手,2,0,0,0.0,0.0,0.0,0.0,0.0,0.0
浦和,ダ,1400,1番手,11,0,1,0.0,340.0,0.0,9.09,0.0,30.91
浦和,ダ,1400,2-3番手,13,1,2,420.0,750.0,7.69,15.38,32.31,57.69
浦和,ダ,1400,4-6番手,19,1,4,520.0,5100.0,5.26,21.05,27.37,268.42
浦和,ダ,1400,7-10番手,17,0,1,0.0,250.0,0.0,5.88,0.0,14.71
浦和,ダ,1400,11番手以下,10,0,1,0.0,680.0,0.0,10.0,0.0,68.0
浦和,ダ,1500,1番手,2,0,0,0.0,0.0,0.0,0.0,0.0,0.0
浦和,ダ,1500,2-3番手,1,1,1,1080.0,230.0,100.0,100.0,1080.0,230.0
浦和,ダ,1500,4-6番手,1,0,0,0.0,0.0,0.0,0.0,0.0,0.0
浦和,ダ,2000,1番手,2,0,1,0.0,330.0,0.0,50.0,0.0,165.0
浦和,ダ,2000,2-3番手,2,0,0,0.0,0.0,0.0,0.0,0.0,0.0
浦和,ダ,2000,4-6番手,2,1,1,1000.0,340.0,50.0,50.0,500.0,170.0
浦和,ダ,2000,7-10番手,3,0,0,0.0,0.0,0.0,0.0,0.0,0.0
浦和,ダ,2000,11番手以下,1,0,0,0.0,0.0,0.0,0.0,0.0,0.0
盛岡,ダ,1000,1番手,1,0,0,0.0,0.0,0.0,0.0,0.0,0.0
盛岡,ダ,1200,1番手,5,0,1,0.0,200.0,0.0,20.0,0.0,40.0
盛岡,ダ,1200,2-3番手,3,0,1,0.0,160.0,0.0,33.33,0.0,53.33
盛岡,ダ,1200,4-6番手,3,0,0,0.0,0.0,0.0,0.0,0.0,0.0
盛岡,ダ,1200,7-10番手,3,0,1,0.0,230.0,0.0,33.33,0.0,76.67
盛岡,ダ,1400,1番手,3,0,0,0.0,0.0,0.0,0.0,0.0,0.0
盛岡,ダ,1400,2-3番手,2,0,0,0.0,0.0,0.0,0.0,0.0,0.0
盛岡,ダ,1400,4-6番手,2,0,0,0.0,0.0,0.0,0.0,0.0,0.0
盛岡,ダ,1400,7-10番手,1,0,0,0.0,0.0,0.0,0.0,0.0,0.0
盛岡,ダ,1600,1番手,6,1,1,380.0,210.0,16.67,16.67,63.33,35.0
盛岡,ダ,1600,2-3番手,4,0,0,0.0,0.0,0.0,0.0,0.0,0.0
盛岡,ダ,1600,4-6番手,4,0,0,0.0,0.0,0.0,0.0,0.0,0.0
盛岡,ダ,1600,7-10番手,8,0,1,0.0,380.0,0.0,12.5,0.0,47.5
盛岡,ダ,1800,1番手,2,0,0,0.0,0.0,0.0,0.0,0.0,0.0
盛岡,ダ,1800,4-6番手,3,0,0,0.0,0.0,0.0,0.0,0.0,0.0
盛岡,ダ,1800,7-10番手,5,0,0,0.0,0.0,0.0,0.0,0.0,0.0
盛岡,ダ,1800,11番手以下,1,0,0,0.0,0.0,0.0,0.0,0.0,0.0
盛岡,ダ,2000,1番手,1,0,1,0.0,360.0,0.0,100.0,0.0,360.0
盛岡,ダ,2000,2-3番手,2,0,0,0.0,0.0,0.0,0.0,0.0,0.0
盛岡,ダ,2000,4-6番手,4,0,0,0.0,0.0,0.0,0.0,0.0,0.0
盛岡,ダ,2000,7-10番手,1,0,0,0.0,0.0,0.0,0.0,0.0,0.0
盛岡,芝,1600,1番手,1,0,0,0.0,0.0,0.0,0.0,0.0,0.0
盛岡,芝,1600,2-3番手,1,0,0,0.0,0.0,0.0,0.0,0.0,0.0
盛岡,芝,1600,4-6番手,2,0,0,0.0,0.0,0.0,0.0,0.0,0.0
盛岡,芝,1700,1番手,6,0,0,0.0,0.0,0.0,0.0,0.0,0.0
盛岡,芝,1700,2-3番手,6,0,2,0.0,2380.0,0.0,33.33,0.0,396.67
盛岡,芝,1700,4-6番手,5,0,0,0.0,0.0,0.0,0.0,0.0,0.0
盛岡,芝,1700,7-10番手,2,0,0,0.0,0.0,0.0,0.0,0.0,0.0
盛岡,芝,2400,7-10番手,1,0,0,0.0,0.0,0.0,0.0,0.0,0.0
福島,ダ,1150,1番手,50,3,10,6810.0,4010.0,6.0,20.0,136.2,80.2
福島,ダ,1150,2-3番手,143,7,34,2510.0,10010.0,4.9,23.78,17.55,70.0
福島,ダ,1150,4-6番手,119,2,17,560.0,3680.0,1.68,14.29,4.71,30.92
福島,ダ,1150,7-10番手,209,6,22,16990.0,10880.0,2.87,10.53,81.29,52.06
福島,ダ,1150,11番手以下,66,3,4,3450.0,2890.0,4.55,6.06,52.27,43.79
福島,ダ,1700,1番手,84,8,25,2800.0,5170.0,9.52,29.76,33.33,61.55
福島,ダ,1700,2-3番手,174,17,46,11200.0,13100.0,9.77,26.44,64.37,75.29
福島,ダ,1700,4-6番手,185,18,45,27750.0,16740.0,9.73,24.32,150.0,90.49
福島,ダ,1700,7-10番手,315,12,52,26230.0,25300.0,3.81,16.51,83.27,80.32
福島,ダ,1700,11番手以下,114,1,15,3480.0,11060.0,0.88,13.16,30.53,97.02
福島,ダ,2400,1番手,3,0,0,0.0,0.0,0.0,0.0,0.0,0.0
福島,ダ,2400,2-3番手,6,0,2,0.0,380.0,0.0,33.33,0.0,63.33
福島,ダ,2400,4-6番手,5,1,2,480.0,140.0,20.0,40.0,96.0,28.0
福島,ダ,2400,7-10番手,11,0,0,0.0,0.0,0.0,0.0,0.0,0.0
福島,ダ,2400,11番手以下,5,0,0,0.0,0.0,0.0,0.0,0.0,0.0
福島,芝,1200,1番手,91,5,17,7610.0,6690.0,5.49,18.68,83.63,73.52
福島,芝,1200,2-3番手,203,21,48,14110.0,13050.0,10.34,23.65,69.51,64.29
福島,芝,1200,4-6番手,194,12,35,8270.0,8900.0,6.19,18.04,42.63,45.88
福島,芝,1200,7-10番手,335,22,61,47440.0,29780.0,6.57,18.21,141.61,88.9
福島,芝,1200,11番手以下,109,4,12,30890.0,9840.0,3.67,11.01,283.39,90.28
福島,芝,1800,1番手,43,3,9,1480.0,2900.0,6.98,20.93,34.42,67.44
福島,芝,1800,2-3番手,116,9,32,25110.0,16310.0,7.76,27.59,216.47,140.6
福島,芝,1800,4-6番手,100,7,22,16860.0,9730.0,7.0,22.0,168.6,97.3
福島,芝,1800,7-10番手,183,10,22,28470.0,11070.0,5.46,12.02,155.57,60.49
福島,芝,1800,11番手以下,58,6,13,5900.0,4540.0,10.34,22.41,101.72,78.28
福島,芝,2000,1番手,33,5,17,4210.0,4270.0,15.15,51.52,127.58,129.39
福島,芝,2000,2-3番手,89,6,23,3420.0,7530.0,6.74,25.84,38.43,84.61
福島,芝,2000,4-6番手,79,2,11,1360.0,3350.0,2.53,13.92,17.22,42.41
福島,芝,2000,7-10番手,140,9,27,5290.0,6700.0,6.43,19.29,37.79,47.86
福島,芝,2000,11番手以下,52,4,8,6560.0,3210.0,7.69,15.38,126.15,61.73
福島,芝,2600,1番手,22,2,7,1360.0,1730.0,9.09,31.82,61.82,78.64
福島,芝,2600,2-3番手,52,4,21,5030.0,6020.0,7.69,40.38,96.73,115.77
福島,芝,2600,4-6番手,44,3,9,2350.0,2690.0,6.82,20.45,53.41,61.14
福島,芝,2600,7-10番手,101,8,26,27210.0,17500.0,7.92,25.74,269.41,173.27
福島,芝,2600,11番手以下,24,1,2,590.0,500.0,4.17,8.33,24.58,20.83
福島,芝,2750,1番手,7,1,2,1520.0,650.0,14.29,28.57,217.14,92.86
福島,芝,2750,2-3番手,4,0,3,0.0,800.0,0.0,75.0,0.0,200.0
福島,芝,2750,4-6番手,4,1,2,860.0,330.0,25.0,50.0,215.0,82.5
福島,芝,2750,7-10番手,9,0,0,0.0,0.0,0.0,0.0,0.0,0.0
福島,芝,2750,11番手以下,9,0,0,0.0,0.0,0.0,0.0,0.0,0.0
福島,芝,2770,1番手,1,0,1,0.0,610.0,0.0,100.0,0.0,610.0
福島,芝,2770,2-3番手,1,0,0,0.0,0.0,0.0,0.0,0.0,0.0
福島,芝,2770,7-10番手,4,0,0,0.0,0.0,0.0,0.0,0.0,0.0
福島,芝,2770,11番手以下,2,0,0,0.0,0.0,0.0,0.0,0.0,0.0
福島,芝,3350,1番手,1,0,0,0.0,0.0,0.0,0.0,0.0,0.0
福島,芝,3350,2-3番手,2,0,0,0.0,0.0,0.0,0.0,0.0,0.0
福島,芝,3350,4-6番手,2,0,0,0.0,0.0,0.0,0.0,0.0,0.0
福島,芝,3350,7-10番手,6,1,1,4210.0,910.0,16.67,16.67,701.67,151.67
福島,芝,3380,1番手,3,1,1,1950.0,490.0,33.33,33.33,650.0,163.33
福島,芝,3380,2-3番手,2,0,0,0.0,0.0,0.0,0.0,0.0,0.0
福島,芝,3380,4-6番手,1,0,0,0.0,0.0,0.0,0.0,0.0,0.0
福島,芝,3380,7-10番手,8,0,1,0.0,120.0,0.0,12.5,0.0,15.0
福島,芝,3380,11番手以下,4,0,0,0.0,0.0,0.0,0.0,0.0,0.0
笠松,ダ,1400,1番手,43,1,3,370.0,1470.0,2.33,6.98,8.6,34.19
笠松,ダ,1400,2-3番手,13,0,0,0.0,0.0,0.0,0.0,0.0,0.0
笠松,ダ,1400,4-6番手,25,1,1,400.0,150.0,4.0,4.0,16.0,6.0
笠松,ダ,1400,7-10番手,16,0,0,0.0,0.0,0.0,0.0,0.0,0.0
笠松,ダ,1400,11番手以下,5,0,0,0.0,0.0,0.0,0.0,0.0,0.0
笠松,ダ,1600,1番手,14,1,3,350.0,2270.0,7.14,21.43,25.0,162.14
笠松,ダ,1600,2-3番手,3,0,0,0.0,0.0,0.0,0.0,0.0,0.0
笠松,ダ,1600,4-6番手,7,0,0,0.0,0.0,0.0,0.0,0.0,0.0
笠松,ダ,1600,7-10番手,2,0,0,0.0,0.0,0.0,0.0,0.0,0.0
笠松,ダ,1600,11番手以下,2,0,0,0.0,0.0,0.0,0.0,0.0,0.0
笠松,ダ,1800,1番手,2,0,0,0.0,0.0,0.0,0.0,0.0,0.0
笠松,ダ,1800,4-6番手,2,0,0,0.0,0.0,0.0,0.0,0.0,0.0
笠松,ダ,1800,11番手以下,1,0,0,0.0,0.0,0.0,0.0,0.0,0.0
笠松,ダ,1900,7-10番手,1,0,0,0.0,0.0,0.0,0.0,0.0,0.0
船橋,ダ,1200,1番手,4,0,1,0.0,970.0,0.0,25.0,0.0,242.5
船橋,ダ,1200,2-3番手,1,0,0,0.0,0.0,0.0,0.0,0.0,0.0
船橋,ダ,1200,4-6番手,8,0,0,0.0,0.0,0.0,0.0,0.0,0.0
船橋,ダ,1200,7-10番手,3,0,0,0.0,0.0,0.0,0.0,0.0,0.0
船橋,ダ,1200,11番手以下,1,0,0,0.0,0.0,0.0,0.0,0.0,0.0
船橋,ダ,1500,1番手,1,0,0,0.0,0.0,0.0,0.0,0.0,0.0
船橋,ダ,1500,2-3番手,1,0,0,0.0,0.0,0.0,0.0,0.0,0.0
船橋,ダ,1500,4-6番手,1,0,0,0.0,0.0,0.0,0.0,0.0,0.0
船橋,ダ,1500,7-10番手,1,0,0,0.0,0.0,0.0,0.0,0.0,0.0
船橋,ダ,1500,11番手以下,1,0,0,0.0,0.0,0.0,0.0,0.0,0.0
船橋,ダ,1600,1番手,8,0,0,0.0,0.0,0.0,0.0,0.0,0.0
船橋,ダ,1600,2-3番手,2,0,0,0.0,0.0,0.0,0.0,0.0,0.0
船橋,ダ,1600,4-6番手,6,1,1,800.0,270.0,16.67,16.67,133.33,45.0
船橋,ダ,1600,7-10番手,10,0,0,0.0,0.0,0.0,0.0,0.0,0.0
船橋,ダ,1600,11番手以下,3,0,0,0.0,0.0,0.0,0.0,0.0,0.0
船橋,ダ,1700,1番手,3,0,0,0.0,0.0,0.0,0.0,0.0,0.0
船橋,ダ,1700,2-3番手,2,0,0,0.0,0.0,0.0,0.0,0.0,0.0
船橋,ダ,1700,7-10番手,3,0,0,0.0,0.0,0.0,0.0,0.0,0.0
船橋,ダ,1700,11番手以下,1,0,0,0.0,0.0,0.0,0.0,0.0,0.0
船橋,ダ,1800,1番手,5,0,0,0.0,0.0,0.0,0.0,0.0,0.0
船橋,ダ,1800,2-3番手,5,0,1,0.0,450.0,0.0,20.0,0.0,90.0
船橋,ダ,1800,4-6番手,4,0,0,0.0,0.0,0.0,0.0,0.0,0.0
船橋,ダ,1800,7-10番手,10,1,3,400.0,1750.0,10.0,30.0,40.0,175.0
船橋,ダ,1800,11番手以下,2,0,0,0.0,0.0,0.0,0.0,0.0,0.0
船橋,ダ,2200,1番手,1,0,0,0.0,0.0,0.0,0.0,0.0,0.0
船橋,ダ,2400,1番手,1,0,0,0.0,0.0,0.0,0.0,0.0,0.0
船橋,ダ,2400,2-3番手,5,1,2,280.0,260.0,20.0,40.0,56.0,52.0
船橋,ダ,2400,4-6番手,1,0,0,0.0,0.0,0.0,0.0,0.0,0.0
船橋,ダ,2400,7-10番手,1,0,0,0.0,0.0,0.0,0.0,0.0,0.0
金沢,ダ,1400,1番手,9,0,1,0.0,610.0,0.0,11.11,0.0,67.78
金沢,ダ,1400,2-3番手,6,0,0,0.0,0.0,0.0,0.0,0.0,0.0
金沢,ダ,1500,1番手,24,1,4,1140.0,2690.0,4.17,16.67,47.5,112.08
金沢,ダ,1500,2-3番手,11,1,1,2400.0,510.0,9.09,9.09,218.18,46.36
金沢,ダ,1500,4-6番手,12,0,0,0.0,0.0,0.0,0.0,0.0,0.0
金沢,ダ,1500,7-10番手,8,0,1,0.0,2310.0,0.0,12.5,0.0,288.75
金沢,ダ,1500,11番手以下,2,0,0,0.0,0.0,0.0,0.0,0.0,0.0
金沢,ダ,2000,2-3番手,1,0,0,0.0,0.0,0.0,0.0,0.0,0.0
金沢,ダ,2100,2-3番手,3,0,0,0.0,0.0,0.0,0.0,0.0,0.0
金沢,ダ,2100,7-10番手,1,0,0,0.0,0.0,0.0,0.0,0.0,0.0
門別,ダ,1000,1番手,5,0,0,0.0,0.0,0.0,0.0,0.0,0.0
門別,ダ,1000,2-3番手,3,0,0,0.0,0.0,0.0,0.0,0.0,0.0
門別,ダ,1000,4-6番手,2,0,0,0.0,0.0,0.0,0.0,0.0,0.0
門別,ダ,1000,7-10番手,5,0,0,0.0,0.0,0.0,0.0,0.0,0.0
門別,ダ,1000,11番手以下,1,0,0,0.0,0.0,0.0,0.0,0.0,0.0
門別,ダ,1100,1番手,1,0,0,0.0,0.0,0.0,0.0,0.0,0.0
門別,ダ,1200,1番手,16,2,2,4320.0,1040.0,12.5,12.5,270.0,65.0
門別,ダ,1200,2-3番手,17,0,2,0.0,1200.0,0.0,11.76,0.0,70.59
門別,ダ,1200,4-6番手,12,1,2,7840.0,2090.0,8.33,16.67,653.33,174.17
門別,ダ,1200,7-10番手,16,2,3,5170.0,3190.0,12.5,18.75,323.12,199.38
門別,ダ,1200,11番手以下,7,0,0,0.0,0.0,0.0,0.0,0.0,0.0
門別,ダ,1600,1番手,2,0,0,0.0,0.0,0.0,0.0,0.0,0.0
門別,ダ,1600,2-3番手,1,0,0,0.0,0.0,0.0,0.0,0.0,0.0
門別,ダ,1600,4-6番手,1,0,0,0.0,0.0,0.0,0.0,0.0,0.0
門別,ダ,1600,7-10番手,3,0,0,0.0,0.0,0.0,0.0,0.0,0.0
門別,ダ,1700,1番手,5,0,1,0.0,0.0,0.0,20.0,0.0,0.0
門別,ダ,1700,4-6番手,4,0,0,0.0,0.0,0.0,0.0,0.0,0.0
門別,ダ,1700,7-10番手,4,0,0,0.0,0.0,0.0,0.0,0.0,0.0
門別,ダ,1800,1番手,5,0,1,0.0,120.0,0.0,20.0,0.0,24.0
門別,ダ,1800,2-3番手,2,0,0,0.0,0.0,0.0,0.0,0.0,0.0
門別,ダ,1800,4-6番手,5,0,0,0.0,0.0,0.0,0.0,0.0,0.0
門別,ダ,1800,7-10番手,4,0,0,0.0,0.0,0.0,0.0,0.0,0.0
門別,ダ,1800,11番手以下,2,0,0,0.0,0.0,0.0,0.0,0.0,0.0
門別,ダ,2000,4-6番手,3,0,0,0.0,0.0,0.0,0.0,0.0,0.0
門別,ダ,2000,7-10番手,2,0,0,0.0,0.0,0.0,0.0,0.0,0.0
阪神,ダ,1200,1番手,86,7,31,3090.0,8320.0,8.14,36.05,35.93,96.74
阪神,ダ,1200,2-3番手,261,25,74,21710.0,22740.0,9.58,28.35,83.18,87.13
阪神,ダ,1200,4-6番手,200,17,50,25000.0,14500.0,8.5,25.0,125.0,72.5
阪神,ダ,1200,7-10番手,396,28,74,30080.0,29270.0,7.07,18.69,75.96,73.91
阪神,ダ,1200,11番手以下,142,1,11,610.0,6300.0,0.7,7.75,4.3,44.37
阪神,ダ,1400,1番手,90,12,29,7440.0,7540.0,13.33,32.22,82.67,83.78
阪神,ダ,1400,2-3番手,275,21,78,11000.0,22860.0,7.64,28.36,40.0,83.13
阪神,ダ,1400,4-6番手,243,22,53,10840.0,17370.0,9.05,21.81,44.61,71.48
阪神,ダ,1400,7-10番手,432,16,73,16860.0,30370.0,3.7,16.9,39.03,70.3
阪神,ダ,1400,11番手以下,161,5,17,3220.0,6360.0,3.11,10.56,20.0,39.5
阪神,ダ,1800,1番手,139,24,46,16020.0,11750.0,17.27,33.09,115.25,84.53
阪神,ダ,1800,2-3番手,337,44,100,24280.0,23890.0,13.06,29.67,72.05,70.89
阪神,ダ,1800,4-6番手,285,30,75,19120.0,18180.0,10.53,26.32,67.09,63.79
阪神,ダ,1800,7-10番手,613,39,134,40720.0,47290.0,6.36,21.86,66.43,77.15
阪神,ダ,1800,11番手以下,190,9,24,14130.0,10400.0,4.74,12.63,74.37,54.74
阪神,ダ,2000,1番手,30,7,9,17900.0,4240.0,23.33,30.0,596.67,141.33
阪神,ダ,2000,2-3番手,77,7,14,6730.0,4980.0,9.09,18.18,87.4,64.68
阪神,ダ,2000,4-6番手,82,6,15,2050.0,3750.0,7.32,18.29,25.0,45.73
阪神,ダ,2000,7-10番手,121,6,21,3530.0,6990.0,4.96,17.36,29.17,57.77
阪神,ダ,2000,11番手以下,55,2,7,6940.0,7890.0,3.64,12.73,126.18,143.45
阪神,ダ,2970,1番手,1,0,0,0.0,0.0,0.0,0.0,0.0,0.0
阪神,ダ,2970,2-3番手,1,0,0,0.0,0.0,0.0,0.0,0.0,0.0
阪神,ダ,2970,4-6番手,2,0,0,0.0,0.0,0.0,0.0,0.0,0.0
阪神,ダ,2970,7-10番手,4,0,0,0.0,0.0,0.0,0.0,0.0,0.0
阪神,ダ,2970,11番手以下,2,0,0,0.0,0.0,0.0,0.0,0.0,0.0
阪神,ダ,3110,1番手,7,0,1,0.0,330.0,0.0,14.29,0.0,47.14
阪神,ダ,3110,2-3番手,8,2,3,1520.0,660.0,25.0,37.5,190.0,82.5
阪神,ダ,3110,4-6番手,5,2,3,710.0,490.0,40.0,60.0,142.0,98.0
阪神,ダ,3110,7-10番手,13,0,2,0.0,800.0,0.0,15.38,0.0,61.54
阪神,ダ,3110,11番手以下,6,0,0,0.0,0.0,0.0,0.0,0.0,0.0
阪神,芝,1200,1番手,40,9,11,6040.0,2940.0,22.5,27.5,151.0,73.5
阪神,芝,1200,2-3番手,94,8,27,9970.0,10420.0,8.51,28.72,106.06,110.85
阪神,芝,1200,4-6番手,93,7,22,9130.0,6590.0,7.53,23.66,98.17,70.86
阪神,芝,1200,7-10番手,165,12,35,20630.0,14220.0,7.27,21.21,125.03,86.18
阪神,芝,1200,11番手以下,69,2,9,1750.0,4610.0,2.9,13.04,25.36,66.81
阪神,芝,1400,1番手,65,6,14,2120.0,4800.0,9.23,21.54,32.62,73.85
阪神,芝,1400,2-3番手,134,18,46,14630.0,10770.0,13.43,34.33,109.18,80.37
阪神,芝,1400,4-6番手,154,13,30,6320.0,7630.0,8.44,19.48,41.04,49.55
阪神,芝,1400,7-10番手,277,20,62,28310.0,31090.0,7.22,22.38,102.2,112.24
阪神,芝,1400,11番手以下,97,3,13,4040.0,5790.0,3.09,13.4,41.65,59.69
阪神,芝,1600,1番手,81,10,19,6910.0,6520.0,12.35,23.46,85.31,80.49
阪神,芝,1600,2-3番手,169,26,54,16750.0,17120.0,15.38,31.95,99.11,101.3
阪神,芝,1600,4-6番手,197,31,70,15100.0,13790.0,15.74,35.53,76.65,70.0
阪神,芝,1600,7-10番手,335,25,79,56440.0,27110.0,7.46,23.58,168.48,80.93
阪神,芝,1600,11番手以下,129,9,23,4590.0,4530.0,6.98,17.83,35.58,35.12
阪神,芝,1800,1番手,57,6,16,7580.0,4840.0,10.53,28.07,132.98,84.91
阪神,芝,1800,2-3番手,98,16,35,11310.0,8810.0,16.33,35.71,115.41,89.9
阪神,芝,1800,4-6番手,125,21,41,13050.0,8590.0,16.8,32.8,104.4,68.72
阪神,芝,1800,7-10番手,189,22,48,14540.0,12740.0,11.64,25.4,76.93,67.41
阪神,芝,1800,11番手以下,76,6,19,4710.0,4770.0,7.89,25.0,61.97,62.76
阪神,芝,2000,1番手,60,10,16,12010.0,4890.0,16.67,26.67,200.17,81.5
阪神,芝,2000,2-3番手,116,10,32,5210.0,10660.0,8.62,27.59,44.91,91.9
阪神,芝,2000,4-6番手,118,10,40,5010.0,9270.0,8.47,33.9,42.46,78.56
阪神,芝,2000,7-10番手,231,15,60,7690.0,14520.0,6.49,25.97,33.29,62.86
阪神,芝,2000,11番手以下,89,8,18,12080.0,6210.0,8.99,20.22,135.73,69.78
阪神,芝,2200,1番手,15,2,5,1600.0,1020.0,13.33,33.33,106.67,68.0
阪神,芝,2200,2-3番手,31,0,4,0.0,1110.0,0.0,12.9,0.0,35.81
阪神,芝,2200,4-6番手,35,8,16,5890.0,3420.0,22.86,45.71,168.29,97.71
阪神,芝,2200,7-10番手,62,4,16,2290.0,5740.0,6.45,25.81,36.94,92.58
阪神,芝,2200,11番手以下,23,1,5,1840.0,3110.0,4.35,21.74,80.0,135.22
阪神,芝,2400,1番手,30,3,7,2920.0,1370.0,10.0,23.33,97.33,45.67
阪神,芝,2400,2-3番手,45,4,10,1490.0,1670.0,8.89,22.22,33.11,37.11
阪神,芝,2400,4-6番手,67,11,25,9700.0,5860.0,16.42,37.31,144.78,87.46
阪神,芝,2400,7-10番手,109,8,33,5490.0,7600.0,7.34,30.28,50.37,69.72
阪神,芝,2400,11番手以下,44,1,6,230.0,1110.0,2.27,13.64,5.23,25.23
阪神,芝,2600,1番手,7,1,3,820.0,910.0,14.29,42.86,117.14,130.0
阪神,芝,2600,2-3番手,10,1,3,420.0,420.0,10.0,30.0,42.0,42.0
阪神,芝,2600,4-6番手,14,0,2,0.0,850.0,0.0,14.29,0.0,60.71
阪神,芝,2600,7-10番手,27,2,7,740.0,1390.0,7.41,25.93,27.41,51.48
阪神,芝,2600,11番手以下,10,1,3,790.0,790.0,10.0,30.0,79.0,79.0
阪神,芝,3000,1番手,7,1,1,1600.0,390.0,14.29,14.29,228.57,55.71
阪神,芝,3000,2-3番手,25,3,9,1150.0,3120.0,12.0,36.0,46.0,124.8
阪神,芝,3000,4-6番手,13,0,3,0.0,670.0,0.0,23.08,0.0,51.54
阪神,芝,3000,7-10番手,32,1,5,190.0,890.0,3.12,15.62,5.94,27.81
阪神,芝,3000,11番手以下,10,0,0,0.0,0.0,0.0,0.0,0.0,0.0
阪神,芝,3140,1番手,3,0,1,0.0,270.0,0.0,33.33,0.0,90.0
阪神,芝,3140,2-3番手,6,0,0,0.0,0.0,0.0,0.0,0.0,0.0
阪神,芝,3140,4-6番手,7,0,1,0.0,270.0,0.0,14.29,0.0,38.57
阪神,芝,3140,7-10番手,8,1,3,650.0,860.0,12.5,37.5,81.25,107.5
阪神,芝,3140,11番手以下,1,0,0,0.0,0.0,0.0,0.0,0.0,0.0
阪神,芝,3200,1番手,1,1,1,420.0,180.0,100.0,100.0,420.0,180.0
阪神,芝,3200,2-3番手,5,1,1,330.0,150.0,20.0,20.0,66.0,30.0
阪神,芝,3200,4-6番手,3,0,1,0.0,150.0,0.0,33.33,0.0,50.0
阪神,芝,3200,7-10番手,9,2,3,2230.0,1270.0,22.22,33.33,247.78,141.11
阪神,芝,3200,11番手以下,2,0,0,0.0,0.0,0.0,0.0,0.0,0.0
阪神,芝,3900,1番手,3,0,1,0.0,110.0,0.0,33.33,0.0,36.67
阪神,芝,3900,2-3番手,3,0,1,0.0,180.0,0.0,33.33,0.0,60.0
阪神,芝,3900,4-6番手,3,0,1,0.0,550.0,0.0,33.33,0.0,183.33
阪神,芝,3900,7-10番手,5,1,1,230.0,140.0,20.0,20.0,46.0,28.0
阪神,芝,3900,11番手以下,2,0,0,0.0,0.0,0.0,0.0,0.0,0.0
高知,ダ,1300,1番手,5,1,2,500.0,2780.0,20.0,40.0,100.0,556.0
高知,ダ,1300,4-6番手,2,0,0,0.0,0.0,0.0,0.0,0.0,0.0
高知,ダ,1300,7-10番手,2,0,0,0.0,0.0,0.0,0.0,0.0,0.0
高知,ダ,1400,1番手,5,0,1,0.0,700.0,0.0,20.0,0.0,140.0
高知,ダ,1400,2-3番手,6,0,0,0.0,0.0,0.0,0.0,0.0,0.0
高知,ダ,1400,4-6番手,2,0,0,0.0,0.0,0.0,0.0,0.0,0.0
高知,ダ,1400,7-10番手,4,0,0,0.0,0.0,0.0,0.0,0.0,0.0
高知,ダ,1400,11番手以下,2,0,1,0.0,590.0,0.0,50.0,0.0,295.0
