場所,芝ダ,距離,前走場所,母数,勝利数,複勝数,単勝率,複勝率
中京,ダ,1200,中京,137,9,27,0.0657,0.1971
中京,ダ,1200,中山,50,2,10,0.04,0.2
中京,ダ,1200,京都,35,4,7,0.1143,0.2
中京,ダ,1200,佐賀,1,0,0,0.0,0.0
中京,ダ,1200,函館,2,0,1,0.0,0.5
中京,ダ,1200,名古,1,0,0,0.0,0.0
中京,ダ,1200,園田,11,0,2,0.0,0.1818
中京,ダ,1200,大井,1,0,0,0.0,0.0
中京,ダ,1200,姫路,1,0,0,0.0,0.0
中京,ダ,1200,小倉,48,4,10,0.0833,0.2083
中京,ダ,1200,川崎,3,0,0,0.0,0.0
中京,ダ,1200,新潟,52,5,13,0.0962,0.25
中京,ダ,1200,札幌,14,0,1,0.0,0.0714
中京,ダ,1200,東京,29,3,6,0.1034,0.2069
中京,ダ,1200,浦和,1,0,1,0.0,1.0
中京,ダ,1200,盛岡,1,0,0,0.0,0.0
中京,ダ,1200,福島,41,1,5,0.0244,0.122
中京,ダ,1200,笠松,1,0,0,0.0,0.0
中京,ダ,1200,金沢,1,0,0,0.0,0.0
中京,ダ,1200,門別,2,0,0,0.0,0.0
中京,ダ,1200,阪神,138,9,29,0.0652,0.2101
中京,ダ,1400,中京,150,8,30,0.0533,0.2
中京,ダ,1400,中山,36,1,4,0.0278,0.1111
中京,ダ,1400,京都,40,3,7,0.075,0.175
中京,ダ,1400,函館,2,1,1,0.5,0.5
中京,ダ,1400,名古,11,0,0,0.0,0.0
中京,ダ,1400,園田,7,1,1,0.1429,0.1429
中京,ダ,1400,大井,1,0,0,0.0,0.0
中京,ダ,1400,姫路,1,0,1,0.0,1.0
中京,ダ,1400,小倉,46,4,7,0.087,0.1522
中京,ダ,1400,川崎,7,0,1,0.0,0.1429
中京,ダ,1400,新潟,26,0,5,0.0,0.1923
中京,ダ,1400,札幌,9,0,1,0.0,0.1111
中京,ダ,1400,東京,121,11,30,0.0909,0.2479
中京,ダ,1400,水沢,3,0,0,0.0,0.0
中京,ダ,1400,浦和,2,0,0,0.0,0.0
中京,ダ,1400,盛岡,2,0,0,0.0,0.0
中京,ダ,1400,福島,23,1,3,0.0435,0.1304
中京,ダ,1400,笠松,4,0,0,0.0,0.0
中京,ダ,1400,船橋,3,1,1,0.3333,0.3333
中京,ダ,1400,門別,2,0,0,0.0,0.0
中京,ダ,1400,阪神,169,13,41,0.0769,0.2426
中京,ダ,1400,高知,3,0,0,0.0,0.0
中京,ダ,1800,中京,172,10,39,0.0581,0.2267
中京,ダ,1800,中山,43,0,8,0.0,0.186
中京,ダ,1800,京都,65,5,18,0.0769,0.2769
中京,ダ,1800,函館,10,1,3,0.1,0.3
中京,ダ,1800,名古,5,1,2,0.2,0.4
中京,ダ,1800,園田,4,0,1,0.0,0.25
中京,ダ,1800,姫路,1,0,0,0.0,0.0
中京,ダ,1800,小倉,65,6,11,0.0923,0.1692
中京,ダ,1800,川崎,2,0,0,0.0,0.0
中京,ダ,1800,新潟,57,6,16,0.1053,0.2807
中京,ダ,1800,札幌,17,2,4,0.1176,0.2353
中京,ダ,1800,東京,71,4,17,0.0563,0.2394
中京,ダ,1800,浦和,2,0,0,0.0,0.0
中京,ダ,1800,福島,38,4,6,0.1053,0.1579
中京,ダ,1800,笠松,4,0,0,0.0,0.0
中京,ダ,1800,船橋,2,0,1,0.0,0.5
中京,ダ,1800,金沢,2,1,1,0.5,0.5
中京,ダ,1800,門別,2,0,1,0.0,0.5
中京,ダ,1800,阪神,219,23,58,0.105,0.2648
中京,ダ,1900,中京,84,5,23,0.0595,0.2738
中京,ダ,1900,中山,32,1,5,0.0312,0.1562
中京,ダ,1900,京都,17,1,3,0.0588,0.1765
中京,ダ,1900,函館,1,0,1,0.0,1.0
中京,ダ,1900,名古,2,0,0,0.0,0.0
中京,ダ,1900,園田,3,0,0,0.0,0.0
中京,ダ,1900,大井,1,0,0,0.0,0.0
中京,ダ,1900,小倉,28,3,5,0.1071,0.1786
中京,ダ,1900,新潟,26,2,6,0.0769,0.2308
中京,ダ,1900,札幌,5,0,1,0.0,0.2
中京,ダ,1900,東京,46,4,11,0.087,0.2391
中京,ダ,1900,浦和,1,1,1,1.0,1.0
中京,ダ,1900,福島,11,0,1,0.0,0.0909
中京,ダ,1900,笠松,2,0,1,0.0,0.5
中京,ダ,1900,船橋,2,0,0,0.0,0.0
中京,ダ,1900,門別,1,0,0,0.0,0.0
中京,ダ,1900,阪神,76,8,17,0.1053,0.2237
中京,芝,1200,中京,45,4,8,0.0889,0.1778
中京,芝,1200,中山,25,1,6,0.04,0.24
中京,芝,1200,京都,14,3,6,0.2143,0.4286
中京,芝,1200,佐賀,1,0,0,0.0,0.0
中京,芝,1200,函館,2,0,0,0.0,0.0
中京,芝,1200,園田,1,0,0,0.0,0.0
中京,芝,1200,大井,1,0,0,0.0,0.0
中京,芝,1200,小倉,55,3,13,0.0545,0.2364
中京,芝,1200,新潟,43,4,10,0.093,0.2326
中京,芝,1200,札幌,15,1,3,0.0667,0.2
中京,芝,1200,東京,12,2,2,0.1667,0.1667
中京,芝,1200,福島,49,3,8,0.0612,0.1633
中京,芝,1200,笠松,1,0,0,0.0,0.0
中京,芝,1200,船橋,1,0,0,0.0,0.0
中京,芝,1200,阪神,60,1,10,0.0167,0.1667
中京,芝,1400,中京,102,14,27,0.1373,0.2647
中京,芝,1400,中山,25,0,2,0.0,0.08
中京,芝,1400,京都,44,2,11,0.0455,0.25
中京,芝,1400,函館,3,0,0,0.0,0.0
中京,芝,1400,名古,2,0,0,0.0,0.0
中京,芝,1400,園田,2,0,0,0.0,0.0
中京,芝,1400,大井,1,0,0,0.0,0.0
中京,芝,1400,小倉,34,1,11,0.0294,0.3235
中京,芝,1400,川崎,1,0,0,0.0,0.0
中京,芝,1400,新潟,26,2,5,0.0769,0.1923
中京,芝,1400,札幌,6,1,2,0.1667,0.3333
中京,芝,1400,東京,56,4,11,0.0714,0.1964
中京,芝,1400,水沢,1,0,0,0.0,0.0
中京,芝,1400,福島,25,2,3,0.08,0.12
中京,芝,1400,笠松,1,0,0,0.0,0.0
中京,芝,1400,船橋,3,0,0,0.0,0.0
中京,芝,1400,金沢,2,0,0,0.0,0.0
中京,芝,1400,阪神,119,5,23,0.042,0.1933
中京,芝,1400,ｱﾗ首,1,1,1,1.0,1.0
中京,芝,1600,中京,103,10,33,0.0971,0.3204
中京,芝,1600,中山,25,1,4,0.04,0.16
中京,芝,1600,京都,45,5,16,0.1111,0.3556
中京,芝,1600,函館,2,0,0,0.0,0.0
中京,芝,1600,名古,2,0,0,0.0,0.0
中京,芝,1600,大井,1,0,0,0.0,0.0
中京,芝,1600,小倉,47,0,6,0.0,0.1277
中京,芝,1600,新潟,42,2,5,0.0476,0.119
中京,芝,1600,札幌,18,2,3,0.1111,0.1667
中京,芝,1600,東京,78,7,22,0.0897,0.2821
中京,芝,1600,盛岡,2,0,0,0.0,0.0
中京,芝,1600,福島,21,2,3,0.0952,0.1429
中京,芝,1600,笠松,2,0,0,0.0,0.0
中京,芝,1600,船橋,1,0,0,0.0,0.0
中京,芝,1600,阪神,128,14,37,0.1094,0.2891
中京,芝,2000,中京,127,13,35,0.1024,0.2756
中京,芝,2000,中山,37,1,4,0.027,0.1081
中京,芝,2000,京都,33,2,11,0.0606,0.3333
中京,芝,2000,佐賀,1,0,0,0.0,0.0
中京,芝,2000,函館,1,1,1,1.0,1.0
中京,芝,2000,名古,4,0,1,0.0,0.25
中京,芝,2000,園田,5,1,1,0.2,0.2
中京,芝,2000,小倉,76,5,21,0.0658,0.2763
中京,芝,2000,川崎,1,0,1,0.0,1.0
中京,芝,2000,新潟,38,4,8,0.1053,0.2105
中京,芝,2000,札幌,18,1,2,0.0556,0.1111
中京,芝,2000,東京,48,8,17,0.1667,0.3542
中京,芝,2000,浦和,1,0,0,0.0,0.0
中京,芝,2000,盛岡,1,0,0,0.0,0.0
中京,芝,2000,福島,51,4,13,0.0784,0.2549
中京,芝,2000,笠松,2,0,0,0.0,0.0
中京,芝,2000,船橋,2,0,0,0.0,0.0
中京,芝,2000,阪神,119,12,41,0.1008,0.3445
中京,芝,2200,中京,75,7,25,0.0933,0.3333
中京,芝,2200,中山,22,3,7,0.1364,0.3182
中京,芝,2200,京都,18,1,6,0.0556,0.3333
中京,芝,2200,函館,2,1,1,0.5,0.5
中京,芝,2200,名古,2,0,0,0.0,0.0
中京,芝,2200,園田,2,0,0,0.0,0.0
中京,芝,2200,小倉,41,4,10,0.0976,0.2439
中京,芝,2200,新潟,19,0,3,0.0,0.1579
中京,芝,2200,札幌,8,1,2,0.125,0.25
中京,芝,2200,東京,35,4,9,0.1143,0.2571
中京,芝,2200,福島,21,2,6,0.0952,0.2857
中京,芝,2200,笠松,2,0,0,0.0,0.0
中京,芝,2200,阪神,59,6,18,0.1017,0.3051
中山,ダ,1200,中京,119,8,24,0.0672,0.2017
中山,ダ,1200,中山,549,40,113,0.0729,0.2058
中山,ダ,1200,京都,53,4,14,0.0755,0.2642
中山,ダ,1200,佐賀,3,0,0,0.0,0.0
中山,ダ,1200,函館,7,1,1,0.1429,0.1429
中山,ダ,1200,名古,2,0,0,0.0,0.0
中山,ダ,1200,園田,10,0,0,0.0,0.0
中山,ダ,1200,姫路,1,0,0,0.0,0.0
中山,ダ,1200,小倉,46,2,7,0.0435,0.1522
中山,ダ,1200,川崎,4,0,0,0.0,0.0
中山,ダ,1200,新潟,139,5,24,0.036,0.1727
中山,ダ,1200,札幌,43,0,6,0.0,0.1395
中山,ダ,1200,東京,224,21,50,0.0938,0.2232
中山,ダ,1200,水沢,2,0,0,0.0,0.0
中山,ダ,1200,浦和,4,0,0,0.0,0.0
中山,ダ,1200,盛岡,6,0,0,0.0,0.0
中山,ダ,1200,福島,117,7,21,0.0598,0.1795
中山,ダ,1200,笠松,6,0,0,0.0,0.0
中山,ダ,1200,金沢,3,0,0,0.0,0.0
中山,ダ,1200,門別,12,1,1,0.0833,0.0833
中山,ダ,1200,阪神,97,5,21,0.0515,0.2165
中山,ダ,1200,高知,1,0,0,0.0,0.0
中山,ダ,1800,中京,90,5,19,0.0556,0.2111
中山,ダ,1800,中山,543,33,112,0.0608,0.2063
中山,ダ,1800,京都,48,4,10,0.0833,0.2083
中山,ダ,1800,佐賀,6,0,0,0.0,0.0
中山,ダ,1800,函館,12,3,3,0.25,0.25
中山,ダ,1800,名古,4,0,0,0.0,0.0
中山,ダ,1800,園田,5,0,0,0.0,0.0
中山,ダ,1800,大井,3,0,1,0.0,0.3333
中山,ダ,1800,姫路,1,0,0,0.0,0.0
中山,ダ,1800,小倉,44,5,14,0.1136,0.3182
中山,ダ,1800,川崎,10,0,1,0.0,0.1
中山,ダ,1800,新潟,126,8,31,0.0635,0.246
中山,ダ,1800,札幌,70,6,14,0.0857,0.2
中山,ダ,1800,東京,297,25,63,0.0842,0.2121
中山,ダ,1800,浦和,9,0,1,0.0,0.1111
中山,ダ,1800,盛岡,1,0,0,0.0,0.0
中山,ダ,1800,福島,100,8,21,0.08,0.21
中山,ダ,1800,笠松,1,0,0,0.0,0.0
中山,ダ,1800,船橋,2,0,0,0.0,0.0
中山,ダ,1800,金沢,3,0,0,0.0,0.0
中山,ダ,1800,門別,3,0,0,0.0,0.0
中山,ダ,1800,阪神,84,6,16,0.0714,0.1905
中山,ダ,1800,高知,1,0,0,0.0,0.0
中山,ダ,2400,中京,15,3,5,0.2,0.3333
中山,ダ,2400,中山,70,3,14,0.0429,0.2
中山,ダ,2400,京都,5,0,1,0.0,0.2
中山,ダ,2400,函館,2,0,0,0.0,0.0
中山,ダ,2400,名古,1,0,0,0.0,0.0
中山,ダ,2400,小倉,17,1,2,0.0588,0.1176
中山,ダ,2400,川崎,1,0,0,0.0,0.0
中山,ダ,2400,新潟,24,4,8,0.1667,0.3333
中山,ダ,2400,札幌,16,0,3,0.0,0.1875
中山,ダ,2400,東京,66,4,12,0.0606,0.1818
中山,ダ,2400,浦和,1,0,0,0.0,0.0
中山,ダ,2400,福島,7,1,2,0.1429,0.2857
中山,ダ,2400,船橋,1,0,0,0.0,0.0
中山,ダ,2400,阪神,13,0,1,0.0,0.0769
中山,ダ,2500,中山,2,0,1,0.0,0.5
中山,ダ,2500,名古,1,0,0,0.0,0.0
中山,ダ,2500,園田,1,0,0,0.0,0.0
中山,ダ,2500,新潟,2,0,0,0.0,0.0
中山,ダ,2500,東京,5,1,1,0.2,0.2
中山,ダ,2500,福島,9,1,4,0.1111,0.4444
中山,ダ,2500,笠松,1,0,0,0.0,0.0
中山,ダ,2500,金沢,1,0,0,0.0,0.0
中山,芝,1200,中京,23,2,3,0.087,0.1304
中山,芝,1200,中山,183,16,42,0.0874,0.2295
中山,芝,1200,京都,22,1,4,0.0455,0.1818
中山,芝,1200,佐賀,1,0,0,0.0,0.0
中山,芝,1200,函館,10,3,5,0.3,0.5
中山,芝,1200,小倉,57,3,13,0.0526,0.2281
中山,芝,1200,新潟,56,4,10,0.0714,0.1786
中山,芝,1200,札幌,33,0,8,0.0,0.2424
中山,芝,1200,東京,47,2,10,0.0426,0.2128
中山,芝,1200,浦和,1,0,0,0.0,0.0
中山,芝,1200,盛岡,4,0,0,0.0,0.0
中山,芝,1200,福島,74,2,14,0.027,0.1892
中山,芝,1200,笠松,1,0,0,0.0,0.0
中山,芝,1200,船橋,1,0,1,0.0,1.0
中山,芝,1200,阪神,56,8,14,0.1429,0.25
中山,芝,1600,中京,52,1,7,0.0192,0.1346
中山,芝,1600,中山,230,19,62,0.0826,0.2696
中山,芝,1600,京都,17,1,2,0.0588,0.1176
中山,芝,1600,函館,6,0,1,0.0,0.1667
中山,芝,1600,名古,4,0,0,0.0,0.0
中山,芝,1600,園田,1,0,0,0.0,0.0
中山,芝,1600,大井,2,0,0,0.0,0.0
中山,芝,1600,小倉,17,1,3,0.0588,0.1765
中山,芝,1600,川崎,2,0,0,0.0,0.0
中山,芝,1600,新潟,77,5,16,0.0649,0.2078
中山,芝,1600,札幌,54,7,13,0.1296,0.2407
中山,芝,1600,東京,204,19,53,0.0931,0.2598
中山,芝,1600,水沢,1,0,0,0.0,0.0
中山,芝,1600,盛岡,5,0,0,0.0,0.0
中山,芝,1600,福島,22,1,3,0.0455,0.1364
中山,芝,1600,笠松,2,0,0,0.0,0.0
中山,芝,1600,船橋,5,0,0,0.0,0.0
中山,芝,1600,金沢,2,0,0,0.0,0.0
中山,芝,1600,門別,3,0,0,0.0,0.0
中山,芝,1600,阪神,59,4,14,0.0678,0.2373
中山,芝,1800,中京,18,1,4,0.0556,0.2222
中山,芝,1800,中山,121,12,35,0.0992,0.2893
中山,芝,1800,京都,18,2,7,0.1111,0.3889
中山,芝,1800,函館,2,1,1,0.5,0.5
中山,芝,1800,園田,3,0,0,0.0,0.0
中山,芝,1800,小倉,29,2,7,0.069,0.2414
中山,芝,1800,新潟,46,2,4,0.0435,0.087
中山,芝,1800,札幌,26,2,8,0.0769,0.3077
中山,芝,1800,東京,126,10,33,0.0794,0.2619
中山,芝,1800,盛岡,1,0,0,0.0,0.0
中山,芝,1800,福島,33,1,4,0.0303,0.1212
中山,芝,1800,門別,1,0,0,0.0,0.0
中山,芝,1800,阪神,27,3,5,0.1111,0.1852
中山,芝,2000,中京,23,0,5,0.0,0.2174
中山,芝,2000,中山,123,11,30,0.0894,0.2439
中山,芝,2000,京都,7,0,0,0.0,0.0
中山,芝,2000,函館,4,0,0,0.0,0.0
中山,芝,2000,小倉,23,2,7,0.087,0.3043
中山,芝,2000,新潟,33,2,9,0.0606,0.2727
中山,芝,2000,札幌,23,2,5,0.087,0.2174
中山,芝,2000,東京,87,5,20,0.0575,0.2299
中山,芝,2000,水沢,1,0,0,0.0,0.0
中山,芝,2000,福島,38,5,10,0.1316,0.2632
中山,芝,2000,阪神,25,3,4,0.12,0.16
中山,芝,2200,中京,15,2,5,0.1333,0.3333
中山,芝,2200,中山,90,6,22,0.0667,0.2444
中山,芝,2200,京都,4,1,3,0.25,0.75
中山,芝,2200,佐賀,1,0,0,0.0,0.0
中山,芝,2200,函館,2,0,1,0.0,0.5
中山,芝,2200,園田,1,0,0,0.0,0.0
中山,芝,2200,小倉,3,0,0,0.0,0.0
中山,芝,2200,川崎,1,0,0,0.0,0.0
中山,芝,2200,新潟,4,0,1,0.0,0.25
中山,芝,2200,札幌,6,1,1,0.1667,0.1667
中山,芝,2200,東京,35,5,12,0.1429,0.3429
中山,芝,2200,水沢,1,0,0,0.0,0.0
中山,芝,2200,浦和,1,0,0,0.0,0.0
中山,芝,2200,福島,11,1,4,0.0909,0.3636
中山,芝,2200,門別,1,0,0,0.0,0.0
中山,芝,2200,阪神,15,0,0,0.0,0.0
中山,芝,2500,中京,4,0,1,0.0,0.25
中山,芝,2500,中山,41,2,8,0.0488,0.1951
中山,芝,2500,京都,12,2,4,0.1667,0.3333
中山,芝,2500,小倉,15,1,6,0.0667,0.4
中山,芝,2500,新潟,21,3,7,0.1429,0.3333
中山,芝,2500,札幌,14,2,3,0.1429,0.2143
中山,芝,2500,東京,54,4,13,0.0741,0.2407
中山,芝,2500,福島,25,2,5,0.08,0.2
中山,芝,2500,船橋,1,0,0,0.0,0.0
中山,芝,2500,阪神,24,1,4,0.0417,0.1667
京都,ダ,1200,中京,57,5,14,0.0877,0.2456
京都,ダ,1200,中山,63,2,10,0.0317,0.1587
京都,ダ,1200,京都,146,14,41,0.0959,0.2808
京都,ダ,1200,函館,2,0,0,0.0,0.0
京都,ダ,1200,園田,2,0,0,0.0,0.0
京都,ダ,1200,姫路,2,0,0,0.0,0.0
京都,ダ,1200,小倉,25,0,1,0.0,0.04
京都,ダ,1200,新潟,34,3,6,0.0882,0.1765
京都,ダ,1200,札幌,5,0,0,0.0,0.0
京都,ダ,1200,東京,26,1,3,0.0385,0.1154
京都,ダ,1200,浦和,3,0,0,0.0,0.0
京都,ダ,1200,福島,37,1,4,0.027,0.1081
京都,ダ,1200,笠松,2,0,0,0.0,0.0
京都,ダ,1200,門別,1,0,0,0.0,0.0
京都,ダ,1200,阪神,157,11,32,0.0701,0.2038
京都,ダ,1200,高知,2,0,0,0.0,0.0
京都,ダ,1400,中京,59,5,11,0.0847,0.1864
京都,ダ,1400,中山,24,1,2,0.0417,0.0833
京都,ダ,1400,京都,187,10,40,0.0535,0.2139
京都,ダ,1400,名古,3,0,1,0.0,0.3333
京都,ダ,1400,園田,8,0,2,0.0,0.25
京都,ダ,1400,大井,2,0,0,0.0,0.0
京都,ダ,1400,小倉,21,3,5,0.1429,0.2381
京都,ダ,1400,川崎,2,0,0,0.0,0.0
京都,ダ,1400,新潟,8,0,1,0.0,0.125
京都,ダ,1400,札幌,8,0,0,0.0,0.0
京都,ダ,1400,東京,54,2,9,0.037,0.1667
京都,ダ,1400,水沢,1,0,0,0.0,0.0
京都,ダ,1400,浦和,1,0,0,0.0,0.0
京都,ダ,1400,福島,17,0,2,0.0,0.1176
京都,ダ,1400,笠松,6,1,1,0.1667,0.1667
京都,ダ,1400,船橋,1,0,0,0.0,0.0
京都,ダ,1400,金沢,2,0,0,0.0,0.0
京都,ダ,1400,阪神,188,18,46,0.0957,0.2447
京都,ダ,1400,高知,2,0,0,0.0,0.0
京都,ダ,1800,中京,61,4,14,0.0656,0.2295
京都,ダ,1800,中山,70,3,11,0.0429,0.1571
京都,ダ,1800,京都,265,25,76,0.0943,0.2868
京都,ダ,1800,函館,4,0,1,0.0,0.25
京都,ダ,1800,名古,4,0,0,0.0,0.0
京都,ダ,1800,園田,8,0,0,0.0,0.0
京都,ダ,1800,大井,3,1,2,0.3333,0.6667
京都,ダ,1800,姫路,1,0,0,0.0,0.0
京都,ダ,1800,小倉,47,5,9,0.1064,0.1915
京都,ダ,1800,川崎,3,0,0,0.0,0.0
京都,ダ,1800,新潟,56,0,14,0.0,0.25
京都,ダ,1800,札幌,18,1,5,0.0556,0.2778
京都,ダ,1800,東京,36,2,5,0.0556,0.1389
京都,ダ,1800,浦和,2,0,0,0.0,0.0
京都,ダ,1800,盛岡,1,0,0,0.0,0.0
京都,ダ,1800,福島,20,1,3,0.05,0.15
京都,ダ,1800,笠松,6,0,0,0.0,0.0
京都,ダ,1800,金沢,1,0,0,0.0,0.0
京都,ダ,1800,門別,1,0,0,0.0,0.0
京都,ダ,1800,阪神,220,23,55,0.1045,0.25
京都,ダ,1800,高知,2,0,0,0.0,0.0
京都,ダ,1800,ｱﾒﾘｶ,1,0,0,0.0,0.0
京都,ダ,1900,中京,35,2,10,0.0571,0.2857
京都,ダ,1900,中山,34,3,12,0.0882,0.3529
京都,ダ,1900,京都,98,8,26,0.0816,0.2653
京都,ダ,1900,名古,1,0,0,0.0,0.0
京都,ダ,1900,園田,2,0,1,0.0,0.5
京都,ダ,1900,小倉,10,1,2,0.1,0.2
京都,ダ,1900,新潟,17,0,0,0.0,0.0
京都,ダ,1900,札幌,3,0,1,0.0,0.3333
京都,ダ,1900,東京,26,2,3,0.0769,0.1154
京都,ダ,1900,福島,8,0,0,0.0,0.0
京都,ダ,1900,笠松,1,0,0,0.0,0.0
京都,ダ,1900,船橋,3,0,0,0.0,0.0
京都,ダ,1900,阪神,89,9,20,0.1011,0.2247
京都,芝,1200,中京,17,1,3,0.0588,0.1765
京都,芝,1200,中山,26,1,3,0.0385,0.1154
京都,芝,1200,京都,48,3,12,0.0625,0.25
京都,芝,1200,函館,1,0,0,0.0,0.0
京都,芝,1200,園田,1,0,0,0.0,0.0
京都,芝,1200,大井,1,0,0,0.0,0.0
京都,芝,1200,小倉,27,3,5,0.1111,0.1852
京都,芝,1200,新潟,28,0,2,0.0,0.0714
京都,芝,1200,札幌,10,0,2,0.0,0.2
京都,芝,1200,東京,6,0,0,0.0,0.0
京都,芝,1200,福島,22,4,9,0.1818,0.4091
京都,芝,1200,門別,1,0,0,0.0,0.0
京都,芝,1200,阪神,54,4,12,0.0741,0.2222
京都,芝,1400,中京,50,0,10,0.0,0.2
京都,芝,1400,中山,17,1,3,0.0588,0.1765
京都,芝,1400,京都,126,8,28,0.0635,0.2222
京都,芝,1400,函館,4,0,0,0.0,0.0
京都,芝,1400,名古,1,1,1,1.0,1.0
京都,芝,1400,園田,4,0,0,0.0,0.0
京都,芝,1400,小倉,28,0,3,0.0,0.1071
京都,芝,1400,新潟,28,1,3,0.0357,0.1071
京都,芝,1400,札幌,10,1,2,0.1,0.2
京都,芝,1400,東京,27,0,5,0.0,0.1852
京都,芝,1400,福島,12,0,0,0.0,0.0
京都,芝,1400,笠松,1,0,0,0.0,0.0
京都,芝,1400,阪神,134,19,38,0.1418,0.2836
京都,芝,1600,中京,35,2,9,0.0571,0.2571
京都,芝,1600,中山,32,1,7,0.0312,0.2188
京都,芝,1600,京都,148,8,41,0.0541,0.277
京都,芝,1600,函館,1,0,0,0.0,0.0
京都,芝,1600,園田,3,0,1,0.0,0.3333
京都,芝,1600,小倉,18,1,4,0.0556,0.2222
京都,芝,1600,新潟,26,1,3,0.0385,0.1154
京都,芝,1600,札幌,6,1,1,0.1667,0.1667
京都,芝,1600,東京,33,3,6,0.0909,0.1818
京都,芝,1600,福島,12,1,1,0.0833,0.0833
京都,芝,1600,笠松,1,0,0,0.0,0.0
京都,芝,1600,船橋,1,0,0,0.0,0.0
京都,芝,1600,阪神,120,19,38,0.1583,0.3167
京都,芝,1800,中京,21,2,6,0.0952,0.2857
京都,芝,1800,中山,27,2,10,0.0741,0.3704
京都,芝,1800,京都,59,6,20,0.1017,0.339
京都,芝,1800,函館,1,0,0,0.0,0.0
京都,芝,1800,名古,1,0,0,0.0,0.0
京都,芝,1800,小倉,29,4,11,0.1379,0.3793
京都,芝,1800,川崎,1,0,0,0.0,0.0
京都,芝,1800,新潟,16,0,2,0.0,0.125
京都,芝,1800,札幌,3,0,1,0.0,0.3333
京都,芝,1800,東京,16,2,4,0.125,0.25
京都,芝,1800,福島,14,3,6,0.2143,0.4286
京都,芝,1800,阪神,92,10,27,0.1087,0.2935
京都,芝,2000,中京,13,0,0,0.0,0.0
京都,芝,2000,中山,26,3,7,0.1154,0.2692
京都,芝,2000,京都,94,6,27,0.0638,0.2872
京都,芝,2000,園田,1,0,0,0.0,0.0
京都,芝,2000,大井,1,0,0,0.0,0.0
京都,芝,2000,小倉,14,2,3,0.1429,0.2143
京都,芝,2000,新潟,19,2,7,0.1053,0.3684
京都,芝,2000,札幌,6,2,4,0.3333,0.6667
京都,芝,2000,東京,28,2,6,0.0714,0.2143
京都,芝,2000,福島,11,1,4,0.0909,0.3636
京都,芝,2000,阪神,70,8,20,0.1143,0.2857
京都,芝,2200,中京,13,1,4,0.0769,0.3077
京都,芝,2200,中山,12,1,2,0.0833,0.1667
京都,芝,2200,京都,47,5,12,0.1064,0.2553
京都,芝,2200,函館,1,0,0,0.0,0.0
京都,芝,2200,小倉,10,0,0,0.0,0.0
京都,芝,2200,新潟,6,0,2,0.0,0.3333
京都,芝,2200,札幌,3,1,1,0.3333,0.3333
京都,芝,2200,東京,6,1,2,0.1667,0.3333
京都,芝,2200,福島,7,1,2,0.1429,0.2857
京都,芝,2200,阪神,52,4,17,0.0769,0.3269
京都,芝,2400,中京,6,0,1,0.0,0.1667
京都,芝,2400,中山,8,0,1,0.0,0.125
京都,芝,2400,京都,38,5,11,0.1316,0.2895
京都,芝,2400,園田,1,0,0,0.0,0.0
京都,芝,2400,小倉,9,1,3,0.1111,0.3333
京都,芝,2400,新潟,7,1,4,0.1429,0.5714
京都,芝,2400,札幌,3,0,1,0.0,0.3333
京都,芝,2400,東京,7,1,4,0.1429,0.5714
京都,芝,2400,福島,7,0,2,0.0,0.2857
京都,芝,2400,阪神,30,3,6,0.1,0.2
京都,芝,3000,京都,1,0,0,0.0,0.0
京都,芝,3000,小倉,1,0,0,0.0,0.0
京都,芝,3000,新潟,2,0,0,0.0,0.0
京都,芝,3000,札幌,4,0,0,0.0,0.0
京都,芝,3000,東京,5,1,3,0.2,0.6
京都,芝,3000,阪神,4,0,0,0.0,0.0
函館,ダ,1000,中京,10,0,2,0.0,0.2
函館,ダ,1000,中山,23,1,5,0.0435,0.2174
函館,ダ,1000,京都,10,2,4,0.2,0.4
函館,ダ,1000,函館,125,13,36,0.104,0.288
函館,ダ,1000,園田,2,0,0,0.0,0.0
函館,ダ,1000,大井,2,0,1,0.0,0.5
函館,ダ,1000,小倉,19,3,5,0.1579,0.2632
函館,ダ,1000,川崎,2,0,1,0.0,0.5
函館,ダ,1000,新潟,39,2,8,0.0513,0.2051
函館,ダ,1000,東京,15,1,2,0.0667,0.1333
函館,ダ,1000,盛岡,1,0,0,0.0,0.0
函館,ダ,1000,福島,13,1,3,0.0769,0.2308
函館,ダ,1000,金沢,1,0,0,0.0,0.0
函館,ダ,1000,門別,2,0,1,0.0,0.5
函館,ダ,1000,阪神,15,1,4,0.0667,0.2667
函館,ダ,1700,中京,34,5,7,0.1471,0.2059
函館,ダ,1700,中山,40,3,9,0.075,0.225
函館,ダ,1700,京都,64,8,20,0.125,0.3125
函館,ダ,1700,函館,258,20,65,0.0775,0.2519
函館,ダ,1700,名古,2,0,0,0.0,0.0
函館,ダ,1700,園田,2,1,1,0.5,0.5
函館,ダ,1700,大井,1,0,0,0.0,0.0
函館,ダ,1700,小倉,21,1,3,0.0476,0.1429
函館,ダ,1700,川崎,1,0,0,0.0,0.0
函館,ダ,1700,新潟,48,2,11,0.0417,0.2292
函館,ダ,1700,東京,90,4,18,0.0444,0.2
函館,ダ,1700,福島,40,3,11,0.075,0.275
函館,ダ,1700,笠松,4,0,0,0.0,0.0
函館,ダ,1700,船橋,1,0,0,0.0,0.0
函館,ダ,1700,金沢,1,1,1,1.0,1.0
函館,ダ,1700,門別,1,0,0,0.0,0.0
函館,ダ,1700,阪神,48,6,16,0.125,0.3333
函館,ダ,2400,中山,5,1,3,0.2,0.6
函館,ダ,2400,京都,2,1,1,0.5,0.5
函館,ダ,2400,函館,9,1,2,0.1111,0.2222
函館,ダ,2400,新潟,1,0,0,0.0,0.0
函館,ダ,2400,札幌,1,0,0,0.0,0.0
函館,ダ,2400,東京,8,0,2,0.0,0.25
函館,ダ,2400,福島,1,0,1,0.0,1.0
函館,ダ,2400,阪神,2,0,0,0.0,0.0
函館,芝,1200,中京,36,0,4,0.0,0.1111
函館,芝,1200,中山,56,6,15,0.1071,0.2679
函館,芝,1200,京都,46,6,17,0.1304,0.3696
函館,芝,1200,佐賀,1,0,0,0.0,0.0
函館,芝,1200,函館,331,25,81,0.0755,0.2447
函館,芝,1200,園田,1,0,0,0.0,0.0
函館,芝,1200,小倉,21,1,2,0.0476,0.0952
函館,芝,1200,新潟,82,5,13,0.061,0.1585
函館,芝,1200,札幌,1,0,0,0.0,0.0
函館,芝,1200,東京,48,4,13,0.0833,0.2708
函館,芝,1200,福島,41,1,10,0.0244,0.2439
函館,芝,1200,門別,2,0,0,0.0,0.0
函館,芝,1200,阪神,64,10,16,0.1562,0.25
函館,芝,1800,中京,16,1,3,0.0625,0.1875
函館,芝,1800,中山,45,6,12,0.1333,0.2667
函館,芝,1800,京都,26,0,2,0.0,0.0769
函館,芝,1800,函館,105,10,27,0.0952,0.2571
函館,芝,1800,大井,1,0,0,0.0,0.0
函館,芝,1800,小倉,11,0,1,0.0,0.0909
函館,芝,1800,新潟,21,1,4,0.0476,0.1905
函館,芝,1800,東京,34,2,11,0.0588,0.3235
函館,芝,1800,福島,22,1,5,0.0455,0.2273
函館,芝,1800,阪神,41,5,13,0.122,0.3171
函館,芝,2000,中京,12,0,1,0.0,0.0833
函館,芝,2000,中山,23,1,3,0.0435,0.1304
函館,芝,2000,京都,7,0,0,0.0,0.0
函館,芝,2000,函館,75,6,24,0.08,0.32
函館,芝,2000,小倉,7,2,2,0.2857,0.2857
函館,芝,2000,新潟,20,2,7,0.1,0.35
函館,芝,2000,東京,24,3,7,0.125,0.2917
函館,芝,2000,福島,21,3,5,0.1429,0.2381
函館,芝,2000,船橋,1,0,0,0.0,0.0
函館,芝,2000,阪神,17,2,8,0.1176,0.4706
函館,芝,2600,中京,8,2,3,0.25,0.375
函館,芝,2600,中山,9,0,5,0.0,0.5556
函館,芝,2600,京都,7,1,1,0.1429,0.1429
函館,芝,2600,函館,62,4,15,0.0645,0.2419
函館,芝,2600,小倉,2,1,1,0.5,0.5
函館,芝,2600,新潟,12,0,4,0.0,0.3333
函館,芝,2600,東京,5,0,0,0.0,0.0
函館,芝,2600,福島,17,3,5,0.1765,0.2941
函館,芝,2600,阪神,10,1,2,0.1,0.2
小倉,ダ,1000,中京,51,8,18,0.1569,0.3529
小倉,ダ,1000,中山,9,2,2,0.2222,0.2222
小倉,ダ,1000,京都,34,1,7,0.0294,0.2059
小倉,ダ,1000,佐賀,1,0,0,0.0,0.0
小倉,ダ,1000,函館,3,0,0,0.0,0.0
小倉,ダ,1000,名古,2,0,0,0.0,0.0
小倉,ダ,1000,園田,8,0,0,0.0,0.0
小倉,ダ,1000,小倉,83,5,22,0.0602,0.2651
小倉,ダ,1000,川崎,3,0,0,0.0,0.0
小倉,ダ,1000,新潟,31,0,7,0.0,0.2258
小倉,ダ,1000,札幌,6,0,1,0.0,0.1667
小倉,ダ,1000,東京,9,2,2,0.2222,0.2222
小倉,ダ,1000,福島,27,2,2,0.0741,0.0741
小倉,ダ,1000,笠松,2,0,0,0.0,0.0
小倉,ダ,1000,船橋,1,0,0,0.0,0.0
小倉,ダ,1000,金沢,2,0,0,0.0,0.0
小倉,ダ,1000,門別,2,1,1,0.5,0.5
小倉,ダ,1000,阪神,58,4,13,0.069,0.2241
小倉,ダ,1700,中京,248,23,49,0.0927,0.1976
小倉,ダ,1700,中山,53,2,8,0.0377,0.1509
小倉,ダ,1700,京都,151,11,30,0.0728,0.1987
小倉,ダ,1700,佐賀,2,0,0,0.0,0.0
小倉,ダ,1700,函館,8,0,0,0.0,0.0
小倉,ダ,1700,名古,6,0,0,0.0,0.0
小倉,ダ,1700,園田,20,0,3,0.0,0.15
小倉,ダ,1700,大井,2,0,0,0.0,0.0
小倉,ダ,1700,姫路,1,0,0,0.0,0.0
小倉,ダ,1700,小倉,417,28,92,0.0671,0.2206
小倉,ダ,1700,川崎,4,0,1,0.0,0.25
小倉,ダ,1700,新潟,59,6,19,0.1017,0.322
小倉,ダ,1700,札幌,23,0,6,0.0,0.2609
小倉,ダ,1700,東京,76,5,21,0.0658,0.2763
小倉,ダ,1700,浦和,4,0,0,0.0,0.0
小倉,ダ,1700,盛岡,1,0,0,0.0,0.0
小倉,ダ,1700,福島,84,5,15,0.0595,0.1786
小倉,ダ,1700,笠松,8,0,0,0.0,0.0
小倉,ダ,1700,船橋,5,0,0,0.0,0.0
小倉,ダ,1700,金沢,5,0,1,0.0,0.2
小倉,ダ,1700,門別,2,0,0,0.0,0.0
小倉,ダ,1700,阪神,231,16,41,0.0693,0.1775
小倉,ダ,1700,高知,2,0,2,0.0,1.0
小倉,ダ,2400,中京,10,0,1,0.0,0.1
小倉,ダ,2400,中山,3,0,0,0.0,0.0
小倉,ダ,2400,京都,2,0,1,0.0,0.5
小倉,ダ,2400,園田,1,0,0,0.0,0.0
小倉,ダ,2400,小倉,10,1,2,0.1,0.2
小倉,ダ,2400,新潟,3,0,0,0.0,0.0
小倉,ダ,2400,札幌,3,1,3,0.3333,1.0
小倉,ダ,2400,東京,2,1,1,0.5,0.5
小倉,ダ,2400,福島,3,0,1,0.0,0.3333
小倉,芝,1200,中京,171,16,40,0.0936,0.2339
小倉,芝,1200,中山,57,2,10,0.0351,0.1754
小倉,芝,1200,京都,125,9,30,0.072,0.24
小倉,芝,1200,佐賀,5,0,1,0.0,0.2
小倉,芝,1200,函館,12,1,1,0.0833,0.0833
小倉,芝,1200,名古,2,0,0,0.0,0.0
小倉,芝,1200,園田,10,0,1,0.0,0.1
小倉,芝,1200,大井,2,0,0,0.0,0.0
小倉,芝,1200,小倉,428,26,87,0.0607,0.2033
小倉,芝,1200,川崎,3,0,0,0.0,0.0
小倉,芝,1200,新潟,74,4,12,0.0541,0.1622
小倉,芝,1200,札幌,16,2,5,0.125,0.3125
小倉,芝,1200,東京,19,3,8,0.1579,0.4211
小倉,芝,1200,浦和,1,0,0,0.0,0.0
小倉,芝,1200,福島,145,7,18,0.0483,0.1241
小倉,芝,1200,金沢,5,0,1,0.0,0.2
小倉,芝,1200,門別,2,0,0,0.0,0.0
小倉,芝,1200,阪神,126,10,26,0.0794,0.2063
小倉,芝,1800,中京,80,11,21,0.1375,0.2625
小倉,芝,1800,中山,30,4,12,0.1333,0.4
小倉,芝,1800,京都,67,8,13,0.1194,0.194
小倉,芝,1800,函館,3,0,0,0.0,0.0
小倉,芝,1800,名古,2,0,0,0.0,0.0
小倉,芝,1800,小倉,188,11,44,0.0585,0.234
小倉,芝,1800,新潟,46,2,6,0.0435,0.1304
小倉,芝,1800,札幌,11,1,2,0.0909,0.1818
小倉,芝,1800,東京,40,4,11,0.1,0.275
小倉,芝,1800,水沢,1,0,0,0.0,0.0
小倉,芝,1800,盛岡,1,0,0,0.0,0.0
小倉,芝,1800,福島,55,2,12,0.0364,0.2182
小倉,芝,1800,笠松,1,0,0,0.0,0.0
小倉,芝,1800,金沢,1,0,0,0.0,0.0
小倉,芝,1800,阪神,87,4,20,0.046,0.2299
小倉,芝,2000,中京,97,12,25,0.1237,0.2577
小倉,芝,2000,中山,29,6,9,0.2069,0.3103
小倉,芝,2000,京都,53,5,16,0.0943,0.3019
小倉,芝,2000,函館,3,0,0,0.0,0.0
小倉,芝,2000,名古,1,0,0,0.0,0.0
小倉,芝,2000,園田,1,0,0,0.0,0.0
小倉,芝,2000,小倉,187,7,41,0.0374,0.2193
小倉,芝,2000,川崎,2,0,0,0.0,0.0
小倉,芝,2000,新潟,24,2,6,0.0833,0.25
小倉,芝,2000,札幌,5,0,2,0.0,0.4
小倉,芝,2000,東京,25,3,11,0.12,0.44
小倉,芝,2000,浦和,1,0,0,0.0,0.0
小倉,芝,2000,福島,33,2,7,0.0606,0.2121
小倉,芝,2000,笠松,1,0,1,0.0,1.0
小倉,芝,2000,船橋,1,0,0,0.0,0.0
小倉,芝,2000,阪神,51,6,11,0.1176,0.2157
小倉,芝,2600,中京,25,3,9,0.12,0.36
小倉,芝,2600,中山,17,2,7,0.1176,0.4118
小倉,芝,2600,京都,23,1,6,0.0435,0.2609
小倉,芝,2600,函館,1,0,0,0.0,0.0
小倉,芝,2600,小倉,79,5,20,0.0633,0.2532
小倉,芝,2600,新潟,14,1,2,0.0714,0.1429
小倉,芝,2600,札幌,7,1,1,0.1429,0.1429
小倉,芝,2600,東京,10,2,4,0.2,0.4
小倉,芝,2600,福島,22,1,3,0.0455,0.1364
小倉,芝,2600,笠松,1,0,0,0.0,0.0
小倉,芝,2600,金沢,1,0,0,0.0,0.0
小倉,芝,2600,阪神,35,4,8,0.1143,0.2286
新潟,ダ,1200,中京,83,11,27,0.1325,0.3253
新潟,ダ,1200,中山,147,10,24,0.068,0.1633
新潟,ダ,1200,京都,37,3,6,0.0811,0.1622
新潟,ダ,1200,佐賀,4,0,0,0.0,0.0
新潟,ダ,1200,函館,8,1,3,0.125,0.375
新潟,ダ,1200,名古,4,0,0,0.0,0.0
新潟,ダ,1200,園田,16,0,2,0.0,0.125
新潟,ダ,1200,大井,4,0,2,0.0,0.5
新潟,ダ,1200,小倉,41,4,10,0.0976,0.2439
新潟,ダ,1200,川崎,5,0,0,0.0,0.0
新潟,ダ,1200,新潟,188,18,49,0.0957,0.2606
新潟,ダ,1200,札幌,19,1,2,0.0526,0.1053
新潟,ダ,1200,東京,146,6,22,0.0411,0.1507
新潟,ダ,1200,浦和,6,0,2,0.0,0.3333
新潟,ダ,1200,盛岡,1,0,0,0.0,0.0
新潟,ダ,1200,福島,131,5,23,0.0382,0.1756
新潟,ダ,1200,笠松,4,0,0,0.0,0.0
新潟,ダ,1200,金沢,3,0,1,0.0,0.3333
新潟,ダ,1200,門別,7,0,0,0.0,0.0
新潟,ダ,1200,阪神,106,9,28,0.0849,0.2642
新潟,ダ,1800,中京,115,11,33,0.0957,0.287
新潟,ダ,1800,中山,135,13,27,0.0963,0.2
新潟,ダ,1800,京都,48,1,9,0.0208,0.1875
新潟,ダ,1800,函館,17,0,1,0.0,0.0588
新潟,ダ,1800,名古,2,0,0,0.0,0.0
新潟,ダ,1800,園田,4,1,1,0.25,0.25
新潟,ダ,1800,大井,3,0,0,0.0,0.0
新潟,ダ,1800,姫路,1,0,0,0.0,0.0
新潟,ダ,1800,小倉,79,10,21,0.1266,0.2658
新潟,ダ,1800,川崎,3,0,0,0.0,0.0
新潟,ダ,1800,新潟,199,13,48,0.0653,0.2412
新潟,ダ,1800,札幌,15,1,1,0.0667,0.0667
新潟,ダ,1800,東京,181,8,32,0.0442,0.1768
新潟,ダ,1800,浦和,1,0,0,0.0,0.0
新潟,ダ,1800,盛岡,2,0,0,0.0,0.0
新潟,ダ,1800,福島,193,13,42,0.0674,0.2176
新潟,ダ,1800,笠松,3,0,1,0.0,0.3333
新潟,ダ,1800,船橋,3,0,1,0.0,0.3333
新潟,ダ,1800,金沢,3,0,1,0.0,0.3333
新潟,ダ,1800,門別,3,0,0,0.0,0.0
新潟,ダ,1800,阪神,108,10,25,0.0926,0.2315
新潟,芝,1000,中京,23,3,4,0.1304,0.1739
新潟,芝,1000,中山,76,7,20,0.0921,0.2632
新潟,芝,1000,京都,16,1,3,0.0625,0.1875
新潟,芝,1000,函館,19,0,2,0.0,0.1053
新潟,芝,1000,名古,3,0,0,0.0,0.0
新潟,芝,1000,園田,1,0,0,0.0,0.0
新潟,芝,1000,大井,1,0,0,0.0,0.0
新潟,芝,1000,姫路,2,0,0,0.0,0.0
新潟,芝,1000,小倉,80,1,11,0.0125,0.1375
新潟,芝,1000,川崎,2,0,0,0.0,0.0
新潟,芝,1000,新潟,227,18,45,0.0793,0.1982
新潟,芝,1000,札幌,17,1,2,0.0588,0.1176
新潟,芝,1000,東京,31,1,5,0.0323,0.1613
新潟,芝,1000,浦和,2,0,1,0.0,0.5
新潟,芝,1000,盛岡,2,0,0,0.0,0.0
新潟,芝,1000,福島,66,3,11,0.0455,0.1667
新潟,芝,1000,笠松,2,0,0,0.0,0.0
新潟,芝,1000,船橋,1,0,0,0.0,0.0
新潟,芝,1000,金沢,2,0,0,0.0,0.0
新潟,芝,1000,門別,2,0,0,0.0,0.0
新潟,芝,1000,阪神,33,1,4,0.0303,0.1212
新潟,芝,1200,中京,29,2,6,0.069,0.2069
新潟,芝,1200,中山,56,2,11,0.0357,0.1964
新潟,芝,1200,京都,3,0,0,0.0,0.0
新潟,芝,1200,函館,8,0,3,0.0,0.375
新潟,芝,1200,名古,2,0,0,0.0,0.0
新潟,芝,1200,園田,1,0,0,0.0,0.0
新潟,芝,1200,小倉,42,5,11,0.119,0.2619
新潟,芝,1200,新潟,55,5,10,0.0909,0.1818
新潟,芝,1200,札幌,17,0,2,0.0,0.1176
新潟,芝,1200,東京,24,1,6,0.0417,0.25
新潟,芝,1200,水沢,1,0,0,0.0,0.0
新潟,芝,1200,福島,75,4,12,0.0533,0.16
新潟,芝,1200,笠松,2,0,0,0.0,0.0
新潟,芝,1200,門別,1,0,0,0.0,0.0
新潟,芝,1200,阪神,27,3,5,0.1111,0.1852
新潟,芝,1400,中京,46,5,12,0.1087,0.2609
新潟,芝,1400,中山,23,0,3,0.0,0.1304
新潟,芝,1400,京都,14,2,3,0.1429,0.2143
新潟,芝,1400,佐賀,2,0,0,0.0,0.0
新潟,芝,1400,函館,8,0,0,0.0,0.0
新潟,芝,1400,名古,2,0,0,0.0,0.0
新潟,芝,1400,園田,3,0,0,0.0,0.0
新潟,芝,1400,大井,1,0,1,0.0,1.0
新潟,芝,1400,姫路,1,0,0,0.0,0.0
新潟,芝,1400,小倉,33,1,4,0.0303,0.1212
新潟,芝,1400,新潟,66,2,14,0.0303,0.2121
新潟,芝,1400,札幌,18,1,2,0.0556,0.1111
新潟,芝,1400,東京,103,7,24,0.068,0.233
新潟,芝,1400,盛岡,1,0,0,0.0,0.0
新潟,芝,1400,福島,41,3,5,0.0732,0.122
新潟,芝,1400,笠松,2,0,0,0.0,0.0
新潟,芝,1400,金沢,2,0,0,0.0,0.0
新潟,芝,1400,阪神,28,3,5,0.1071,0.1786
新潟,芝,1600,中京,61,4,11,0.0656,0.1803
新潟,芝,1600,中山,33,0,3,0.0,0.0909
新潟,芝,1600,京都,16,1,2,0.0625,0.125
新潟,芝,1600,園田,1,0,1,0.0,1.0
新潟,芝,1600,小倉,16,0,4,0.0,0.25
新潟,芝,1600,新潟,52,3,14,0.0577,0.2692
新潟,芝,1600,札幌,3,0,0,0.0,0.0
新潟,芝,1600,東京,70,3,11,0.0429,0.1571
新潟,芝,1600,浦和,1,0,0,0.0,0.0
新潟,芝,1600,盛岡,2,0,0,0.0,0.0
新潟,芝,1600,福島,29,3,7,0.1034,0.2414
新潟,芝,1600,笠松,1,1,1,1.0,1.0
新潟,芝,1600,門別,1,0,0,0.0,0.0
新潟,芝,1600,阪神,38,7,12,0.1842,0.3158
新潟,芝,1600,高知,1,0,0,0.0,0.0
新潟,芝,1800,中京,37,2,7,0.0541,0.1892
新潟,芝,1800,中山,52,5,14,0.0962,0.2692
新潟,芝,1800,京都,25,4,7,0.16,0.28
新潟,芝,1800,佐賀,1,0,0,0.0,0.0
新潟,芝,1800,函館,7,1,2,0.1429,0.2857
新潟,芝,1800,園田,2,0,0,0.0,0.0
新潟,芝,1800,小倉,37,3,6,0.0811,0.1622
新潟,芝,1800,新潟,79,6,18,0.0759,0.2278
新潟,芝,1800,札幌,15,1,5,0.0667,0.3333
新潟,芝,1800,東京,88,7,21,0.0795,0.2386
新潟,芝,1800,盛岡,1,0,0,0.0,0.0
新潟,芝,1800,福島,72,2,16,0.0278,0.2222
新潟,芝,1800,笠松,2,0,1,0.0,0.5
新潟,芝,1800,阪神,44,5,11,0.1136,0.25
新潟,芝,2000,中京,40,3,13,0.075,0.325
新潟,芝,2000,中山,22,2,6,0.0909,0.2727
新潟,芝,2000,京都,16,1,2,0.0625,0.125
新潟,芝,2000,函館,2,0,0,0.0,0.0
新潟,芝,2000,大井,1,0,0,0.0,0.0
新潟,芝,2000,小倉,19,2,5,0.1053,0.2632
新潟,芝,2000,川崎,1,0,0,0.0,0.0
新潟,芝,2000,新潟,46,4,9,0.087,0.1957
新潟,芝,2000,札幌,14,0,2,0.0,0.1429
新潟,芝,2000,東京,43,4,12,0.093,0.2791
新潟,芝,2000,盛岡,1,0,0,0.0,0.0
新潟,芝,2000,福島,52,2,13,0.0385,0.25
新潟,芝,2000,笠松,3,0,0,0.0,0.0
新潟,芝,2000,阪神,25,6,10,0.24,0.4
新潟,芝,2200,中京,20,1,5,0.05,0.25
新潟,芝,2200,中山,16,1,3,0.0625,0.1875
新潟,芝,2200,京都,11,2,3,0.1818,0.2727
新潟,芝,2200,佐賀,1,0,0,0.0,0.0
新潟,芝,2200,函館,2,0,0,0.0,0.0
新潟,芝,2200,名古,1,0,0,0.0,0.0
新潟,芝,2200,園田,1,0,0,0.0,0.0
新潟,芝,2200,小倉,16,3,4,0.1875,0.25
新潟,芝,2200,新潟,30,2,5,0.0667,0.1667
新潟,芝,2200,札幌,9,0,2,0.0,0.2222
新潟,芝,2200,東京,39,4,10,0.1026,0.2564
新潟,芝,2200,福島,34,0,9,0.0,0.2647
新潟,芝,2200,船橋,1,0,0,0.0,0.0
新潟,芝,2200,阪神,15,2,4,0.1333,0.2667
新潟,芝,2200,高知,1,0,0,0.0,0.0
新潟,芝,2400,中京,5,1,2,0.2,0.4
新潟,芝,2400,中山,4,1,1,0.25,0.25
新潟,芝,2400,名古,1,0,0,0.0,0.0
新潟,芝,2400,園田,1,0,1,0.0,1.0
新潟,芝,2400,小倉,3,0,0,0.0,0.0
新潟,芝,2400,新潟,19,2,4,0.1053,0.2105
新潟,芝,2400,札幌,4,0,1,0.0,0.25
新潟,芝,2400,東京,12,0,1,0.0,0.0833
新潟,芝,2400,福島,8,1,3,0.125,0.375
新潟,芝,2400,阪神,4,0,2,0.0,0.5
札幌,ダ,1000,中京,8,2,3,0.25,0.375
札幌,ダ,1000,中山,2,0,0,0.0,0.0
札幌,ダ,1000,京都,6,1,2,0.1667,0.3333
札幌,ダ,1000,函館,82,7,19,0.0854,0.2317
札幌,ダ,1000,名古,1,0,0,0.0,0.0
札幌,ダ,1000,小倉,9,1,4,0.1111,0.4444
札幌,ダ,1000,川崎,2,1,1,0.5,0.5
札幌,ダ,1000,新潟,10,1,3,0.1,0.3
札幌,ダ,1000,札幌,73,5,17,0.0685,0.2329
札幌,ダ,1000,東京,15,0,7,0.0,0.4667
札幌,ダ,1000,福島,6,0,0,0.0,0.0
札幌,ダ,1000,笠松,1,0,0,0.0,0.0
札幌,ダ,1000,阪神,3,1,1,0.3333,0.3333
札幌,ダ,1700,中京,10,0,0,0.0,0.0
札幌,ダ,1700,中山,14,1,3,0.0714,0.2143
札幌,ダ,1700,京都,27,3,10,0.1111,0.3704
札幌,ダ,1700,函館,193,14,47,0.0725,0.2435
札幌,ダ,1700,大井,2,0,0,0.0,0.0
札幌,ダ,1700,小倉,13,1,5,0.0769,0.3846
札幌,ダ,1700,川崎,3,0,0,0.0,0.0
札幌,ダ,1700,新潟,19,0,2,0.0,0.1053
札幌,ダ,1700,札幌,265,18,58,0.0679,0.2189
札幌,ダ,1700,東京,78,9,18,0.1154,0.2308
札幌,ダ,1700,福島,41,4,9,0.0976,0.2195
札幌,ダ,1700,笠松,1,0,0,0.0,0.0
札幌,ダ,1700,金沢,1,0,0,0.0,0.0
札幌,ダ,1700,門別,1,0,0,0.0,0.0
札幌,ダ,1700,阪神,36,4,10,0.1111,0.2778
札幌,芝,1200,中京,7,0,3,0.0,0.4286
札幌,芝,1200,中山,6,1,1,0.1667,0.1667
札幌,芝,1200,京都,10,0,5,0.0,0.5
札幌,芝,1200,函館,211,15,37,0.0711,0.1754
札幌,芝,1200,小倉,4,0,0,0.0,0.0
札幌,芝,1200,新潟,20,1,2,0.05,0.1
札幌,芝,1200,札幌,112,6,24,0.0536,0.2143
札幌,芝,1200,東京,11,1,3,0.0909,0.2727
札幌,芝,1200,福島,24,4,9,0.1667,0.375
札幌,芝,1200,笠松,1,0,0,0.0,0.0
札幌,芝,1200,金沢,1,0,0,0.0,0.0
札幌,芝,1200,門別,3,0,1,0.0,0.3333
札幌,芝,1200,阪神,10,1,3,0.1,0.3
札幌,芝,1500,中京,11,1,2,0.0909,0.1818
札幌,芝,1500,中山,13,0,4,0.0,0.3077
札幌,芝,1500,京都,10,2,3,0.2,0.3
札幌,芝,1500,函館,52,2,11,0.0385,0.2115
札幌,芝,1500,小倉,4,0,0,0.0,0.0
札幌,芝,1500,川崎,1,0,0,0.0,0.0
札幌,芝,1500,新潟,14,1,2,0.0714,0.1429
札幌,芝,1500,札幌,90,4,13,0.0444,0.1444
札幌,芝,1500,東京,50,6,19,0.12,0.38
札幌,芝,1500,福島,12,2,3,0.1667,0.25
札幌,芝,1500,門別,4,0,0,0.0,0.0
札幌,芝,1500,阪神,13,3,6,0.2308,0.4615
札幌,芝,1800,中京,8,1,2,0.125,0.25
札幌,芝,1800,中山,11,2,4,0.1818,0.3636
札幌,芝,1800,京都,2,1,1,0.5,0.5
札幌,芝,1800,佐賀,1,0,1,0.0,1.0
札幌,芝,1800,函館,90,6,19,0.0667,0.2111
札幌,芝,1800,小倉,4,0,1,0.0,0.25
札幌,芝,1800,川崎,1,0,0,0.0,0.0
札幌,芝,1800,新潟,8,1,1,0.125,0.125
札幌,芝,1800,札幌,102,5,24,0.049,0.2353
札幌,芝,1800,東京,16,3,7,0.1875,0.4375
札幌,芝,1800,盛岡,1,0,1,0.0,1.0
札幌,芝,1800,福島,14,2,4,0.1429,0.2857
札幌,芝,1800,笠松,1,0,0,0.0,0.0
札幌,芝,1800,門別,1,0,0,0.0,0.0
札幌,芝,1800,阪神,9,1,1,0.1111,0.1111
札幌,芝,2000,中京,12,0,3,0.0,0.25
札幌,芝,2000,中山,14,0,5,0.0,0.3571
札幌,芝,2000,京都,14,1,5,0.0714,0.3571
札幌,芝,2000,函館,106,7,23,0.066,0.217
札幌,芝,2000,小倉,2,0,0,0.0,0.0
札幌,芝,2000,新潟,9,0,2,0.0,0.2222
札幌,芝,2000,札幌,136,11,30,0.0809,0.2206
札幌,芝,2000,東京,31,5,9,0.1613,0.2903
札幌,芝,2000,福島,18,3,4,0.1667,0.2222
札幌,芝,2000,阪神,3,0,0,0.0,0.0
札幌,芝,2600,中京,5,0,3,0.0,0.6
札幌,芝,2600,中山,4,0,0,0.0,0.0
札幌,芝,2600,京都,11,2,4,0.1818,0.3636
札幌,芝,2600,函館,67,3,15,0.0448,0.2239
札幌,芝,2600,小倉,9,1,1,0.1111,0.1111
札幌,芝,2600,新潟,1,0,0,0.0,0.0
札幌,芝,2600,札幌,54,3,7,0.0556,0.1296
札幌,芝,2600,東京,23,2,9,0.087,0.3913
札幌,芝,2600,福島,18,4,8,0.2222,0.4444
札幌,芝,2600,門別,1,0,0,0.0,0.0
札幌,芝,2600,阪神,7,1,1,0.1429,0.1429
東京,ダ,1300,中京,25,2,6,0.08,0.24
東京,ダ,1300,中山,98,6,19,0.0612,0.1939
東京,ダ,1300,京都,6,0,2,0.0,0.3333
東京,ダ,1300,函館,1,0,0,0.0,0.0
東京,ダ,1300,名古,1,0,0,0.0,0.0
東京,ダ,1300,園田,5,0,0,0.0,0.0
東京,ダ,1300,大井,1,0,0,0.0,0.0
東京,ダ,1300,小倉,4,0,0,0.0,0.0
東京,ダ,1300,川崎,1,0,1,0.0,1.0
東京,ダ,1300,新潟,26,3,5,0.1154,0.1923
東京,ダ,1300,札幌,4,0,1,0.0,0.25
東京,ダ,1300,東京,77,5,19,0.0649,0.2468
東京,ダ,1300,水沢,1,0,0,0.0,0.0
東京,ダ,1300,浦和,1,0,0,0.0,0.0
東京,ダ,1300,福島,21,1,2,0.0476,0.0952
東京,ダ,1300,笠松,1,0,0,0.0,0.0
東京,ダ,1300,船橋,2,0,0,0.0,0.0
東京,ダ,1300,門別,1,0,0,0.0,0.0
東京,ダ,1300,阪神,21,2,2,0.0952,0.0952
東京,ダ,1400,中京,147,13,34,0.0884,0.2313
東京,ダ,1400,中山,249,10,38,0.0402,0.1526
東京,ダ,1400,京都,39,2,8,0.0513,0.2051
東京,ダ,1400,佐賀,1,0,0,0.0,0.0
東京,ダ,1400,函館,5,0,1,0.0,0.2
東京,ダ,1400,名古,6,0,2,0.0,0.3333
東京,ダ,1400,園田,8,1,1,0.125,0.125
東京,ダ,1400,大井,2,0,0,0.0,0.0
東京,ダ,1400,姫路,2,0,1,0.0,0.5
東京,ダ,1400,小倉,25,1,2,0.04,0.08
東京,ダ,1400,川崎,8,0,2,0.0,0.25
東京,ダ,1400,新潟,77,5,11,0.0649,0.1429
東京,ダ,1400,札幌,20,3,4,0.15,0.2
東京,ダ,1400,東京,698,49,154,0.0702,0.2206
東京,ダ,1400,水沢,2,0,0,0.0,0.0
東京,ダ,1400,浦和,7,0,0,0.0,0.0
東京,ダ,1400,盛岡,2,0,0,0.0,0.0
東京,ダ,1400,福島,67,3,6,0.0448,0.0896
東京,ダ,1400,笠松,11,0,0,0.0,0.0
東京,ダ,1400,船橋,1,0,0,0.0,0.0
東京,ダ,1400,金沢,5,0,0,0.0,0.0
東京,ダ,1400,門別,1,0,0,0.0,0.0
東京,ダ,1400,阪神,139,11,28,0.0791,0.2014
東京,ダ,1400,高知,3,0,0,0.0,0.0
東京,ダ,1400,ｱﾗ首,1,0,1,0.0,1.0
東京,ダ,1600,中京,107,7,23,0.0654,0.215
東京,ダ,1600,中山,343,26,65,0.0758,0.1895
東京,ダ,1600,京都,51,2,8,0.0392,0.1569
東京,ダ,1600,佐賀,1,0,0,0.0,0.0
東京,ダ,1600,函館,11,0,0,0.0,0.0
東京,ダ,1600,名古,5,0,2,0.0,0.4
東京,ダ,1600,園田,8,1,1,0.125,0.125
東京,ダ,1600,大井,7,0,2,0.0,0.2857
東京,ダ,1600,姫路,1,0,0,0.0,0.0
東京,ダ,1600,小倉,30,4,7,0.1333,0.2333
東京,ダ,1600,川崎,19,3,5,0.1579,0.2632
東京,ダ,1600,新潟,136,15,26,0.1103,0.1912
東京,ダ,1600,札幌,29,0,6,0.0,0.2069
東京,ダ,1600,東京,728,50,173,0.0687,0.2376
東京,ダ,1600,水沢,2,0,0,0.0,0.0
東京,ダ,1600,浦和,2,0,1,0.0,0.5
東京,ダ,1600,盛岡,3,0,0,0.0,0.0
東京,ダ,1600,福島,85,0,10,0.0,0.1176
東京,ダ,1600,笠松,4,0,0,0.0,0.0
東京,ダ,1600,船橋,6,0,0,0.0,0.0
東京,ダ,1600,金沢,3,0,0,0.0,0.0
東京,ダ,1600,門別,5,0,0,0.0,0.0
東京,ダ,1600,阪神,120,9,22,0.075,0.1833
東京,ダ,2100,中京,88,4,14,0.0455,0.1591
東京,ダ,2100,中山,198,8,35,0.0404,0.1768
東京,ダ,2100,京都,24,3,3,0.125,0.125
東京,ダ,2100,佐賀,1,1,1,1.0,1.0
東京,ダ,2100,函館,3,0,0,0.0,0.0
東京,ダ,2100,名古,3,0,0,0.0,0.0
東京,ダ,2100,大井,2,0,0,0.0,0.0
東京,ダ,2100,小倉,10,0,1,0.0,0.1
東京,ダ,2100,川崎,5,0,1,0.0,0.2
東京,ダ,2100,新潟,56,2,8,0.0357,0.1429
東京,ダ,2100,札幌,6,0,1,0.0,0.1667
東京,ダ,2100,東京,221,22,62,0.0995,0.2805
東京,ダ,2100,盛岡,2,0,0,0.0,0.0
東京,ダ,2100,福島,17,0,1,0.0,0.0588
東京,ダ,2100,船橋,1,1,1,1.0,1.0
東京,ダ,2100,阪神,106,9,22,0.0849,0.2075
東京,芝,1400,中京,90,9,21,0.1,0.2333
東京,芝,1400,中山,183,8,32,0.0437,0.1749
東京,芝,1400,京都,58,6,13,0.1034,0.2241
東京,芝,1400,佐賀,1,0,0,0.0,0.0
東京,芝,1400,函館,6,0,0,0.0,0.0
東京,芝,1400,名古,1,0,0,0.0,0.0
東京,芝,1400,園田,2,0,1,0.0,0.5
東京,芝,1400,大井,1,0,0,0.0,0.0
東京,芝,1400,小倉,16,0,3,0.0,0.1875
東京,芝,1400,新潟,104,8,16,0.0769,0.1538
東京,芝,1400,札幌,15,1,2,0.0667,0.1333
東京,芝,1400,東京,318,21,83,0.066,0.261
東京,芝,1400,福島,48,1,7,0.0208,0.1458
東京,芝,1400,船橋,1,0,0,0.0,0.0
東京,芝,1400,門別,1,0,0,0.0,0.0
東京,芝,1400,阪神,100,14,27,0.14,0.27
東京,芝,1600,中京,44,1,7,0.0227,0.1591
東京,芝,1600,中山,162,10,39,0.0617,0.2407
東京,芝,1600,京都,20,4,6,0.2,0.3
東京,芝,1600,佐賀,1,0,0,0.0,0.0
東京,芝,1600,函館,6,0,2,0.0,0.3333
東京,芝,1600,名古,2,0,0,0.0,0.0
東京,芝,1600,園田,1,1,1,1.0,1.0
東京,芝,1600,大井,2,0,1,0.0,0.5
東京,芝,1600,小倉,10,1,3,0.1,0.3
東京,芝,1600,川崎,3,0,0,0.0,0.0
東京,芝,1600,新潟,91,4,16,0.044,0.1758
東京,芝,1600,札幌,19,3,3,0.1579,0.1579
東京,芝,1600,東京,292,27,83,0.0925,0.2842
東京,芝,1600,水沢,1,0,0,0.0,0.0
東京,芝,1600,浦和,1,0,0,0.0,0.0
東京,芝,1600,盛岡,2,0,0,0.0,0.0
東京,芝,1600,福島,19,0,3,0.0,0.1579
東京,芝,1600,船橋,1,0,0,0.0,0.0
東京,芝,1600,阪神,59,9,16,0.1525,0.2712
東京,芝,1600,ﾌﾗﾝｽ,1,0,0,0.0,0.0
東京,芝,1800,中京,33,3,14,0.0909,0.4242
東京,芝,1800,中山,158,12,39,0.0759,0.2468
東京,芝,1800,京都,30,2,8,0.0667,0.2667
東京,芝,1800,函館,3,0,1,0.0,0.3333
東京,芝,1800,名古,2,0,0,0.0,0.0
東京,芝,1800,小倉,10,0,3,0.0,0.3
東京,芝,1800,新潟,51,3,9,0.0588,0.1765
東京,芝,1800,札幌,16,0,3,0.0,0.1875
東京,芝,1800,東京,208,26,61,0.125,0.2933
東京,芝,1800,盛岡,3,0,0,0.0,0.0
東京,芝,1800,福島,22,0,2,0.0,0.0909
東京,芝,1800,笠松,2,0,0,0.0,0.0
東京,芝,1800,船橋,1,0,0,0.0,0.0
東京,芝,1800,門別,1,0,0,0.0,0.0
東京,芝,1800,阪神,41,6,16,0.1463,0.3902
東京,芝,2000,中京,51,4,15,0.0784,0.2941
東京,芝,2000,中山,158,17,49,0.1076,0.3101
東京,芝,2000,京都,13,1,3,0.0769,0.2308
東京,芝,2000,函館,9,0,1,0.0,0.1111
東京,芝,2000,名古,4,0,0,0.0,0.0
東京,芝,2000,園田,2,0,0,0.0,0.0
東京,芝,2000,大井,1,0,0,0.0,0.0
東京,芝,2000,小倉,11,1,1,0.0909,0.0909
東京,芝,2000,川崎,1,0,0,0.0,0.0
東京,芝,2000,新潟,49,4,15,0.0816,0.3061
東京,芝,2000,札幌,22,5,8,0.2273,0.3636
東京,芝,2000,東京,187,15,49,0.0802,0.262
東京,芝,2000,福島,28,2,5,0.0714,0.1786
東京,芝,2000,笠松,1,0,0,0.0,0.0
東京,芝,2000,阪神,50,4,13,0.08,0.26
東京,芝,2300,中京,6,2,4,0.3333,0.6667
東京,芝,2300,中山,17,0,5,0.0,0.2941
東京,芝,2300,小倉,2,0,0,0.0,0.0
東京,芝,2300,東京,8,1,1,0.125,0.125
東京,芝,2300,阪神,6,1,2,0.1667,0.3333
東京,芝,2400,中京,35,3,13,0.0857,0.3714
東京,芝,2400,中山,104,9,30,0.0865,0.2885
東京,芝,2400,京都,29,1,5,0.0345,0.1724
東京,芝,2400,函館,4,0,0,0.0,0.0
東京,芝,2400,小倉,9,1,4,0.1111,0.4444
東京,芝,2400,新潟,33,5,11,0.1515,0.3333
東京,芝,2400,札幌,8,1,2,0.125,0.25
東京,芝,2400,東京,156,20,46,0.1282,0.2949
東京,芝,2400,盛岡,1,0,0,0.0,0.0
東京,芝,2400,福島,33,2,7,0.0606,0.2121
東京,芝,2400,阪神,61,3,17,0.0492,0.2787
東京,芝,2400,ｻｳｼﾞ,1,0,0,0.0,0.0
東京,芝,2500,中山,4,0,1,0.0,0.25
東京,芝,2500,小倉,1,0,0,0.0,0.0
東京,芝,2500,新潟,1,1,1,1.0,1.0
東京,芝,2500,福島,1,0,1,0.0,1.0
福島,ダ,1150,中京,57,4,16,0.0702,0.2807
福島,ダ,1150,中山,168,8,28,0.0476,0.1667
福島,ダ,1150,京都,42,4,9,0.0952,0.2143
福島,ダ,1150,佐賀,3,0,0,0.0,0.0
福島,ダ,1150,函館,10,2,2,0.2,0.2
福島,ダ,1150,園田,5,0,1,0.0,0.2
福島,ダ,1150,大井,3,0,0,0.0,0.0
福島,ダ,1150,姫路,1,0,0,0.0,0.0
福島,ダ,1150,小倉,54,4,11,0.0741,0.2037
福島,ダ,1150,川崎,6,0,0,0.0,0.0
福島,ダ,1150,新潟,126,9,23,0.0714,0.1825
福島,ダ,1150,札幌,12,0,0,0.0,0.0
福島,ダ,1150,東京,81,8,19,0.0988,0.2346
福島,ダ,1150,水沢,1,0,0,0.0,0.0
福島,ダ,1150,浦和,3,0,1,0.0,0.3333
福島,ダ,1150,盛岡,2,0,0,0.0,0.0
福島,ダ,1150,福島,109,5,21,0.0459,0.1927
福島,ダ,1150,笠松,2,0,0,0.0,0.0
福島,ダ,1150,船橋,1,0,0,0.0,0.0
福島,ダ,1150,金沢,3,0,0,0.0,0.0
福島,ダ,1150,門別,3,1,1,0.3333,0.3333
福島,ダ,1150,阪神,69,5,18,0.0725,0.2609
福島,ダ,1700,中京,61,4,11,0.0656,0.1803
福島,ダ,1700,中山,155,9,32,0.0581,0.2065
福島,ダ,1700,京都,37,4,11,0.1081,0.2973
福島,ダ,1700,佐賀,3,0,0,0.0,0.0
福島,ダ,1700,函館,12,2,2,0.1667,0.1667
福島,ダ,1700,名古,5,0,0,0.0,0.0
福島,ダ,1700,園田,1,0,0,0.0,0.0
福島,ダ,1700,大井,1,0,0,0.0,0.0
福島,ダ,1700,姫路,3,0,1,0.0,0.3333
福島,ダ,1700,小倉,67,6,15,0.0896,0.2239
福島,ダ,1700,川崎,3,0,0,0.0,0.0
福島,ダ,1700,新潟,80,7,19,0.0875,0.2375
福島,ダ,1700,札幌,23,2,3,0.087,0.1304
福島,ダ,1700,東京,222,14,47,0.0631,0.2117
福島,ダ,1700,水沢,1,0,0,0.0,0.0
福島,ダ,1700,浦和,3,0,0,0.0,0.0
福島,ダ,1700,盛岡,1,0,0,0.0,0.0
福島,ダ,1700,福島,100,6,26,0.06,0.26
福島,ダ,1700,笠松,4,0,0,0.0,0.0
福島,ダ,1700,船橋,4,0,0,0.0,0.0
福島,ダ,1700,金沢,3,0,0,0.0,0.0
福島,ダ,1700,門別,1,0,0,0.0,0.0
福島,ダ,1700,阪神,70,7,17,0.1,0.2429
福島,ダ,1700,高知,2,1,2,0.5,1.0
福島,芝,1200,中京,90,10,18,0.1111,0.2
福島,芝,1200,中山,87,2,14,0.023,0.1609
福島,芝,1200,京都,20,3,6,0.15,0.3
福島,芝,1200,佐賀,1,0,0,0.0,0.0
福島,芝,1200,函館,19,0,4,0.0,0.2105
福島,芝,1200,名古,2,0,0,0.0,0.0
福島,芝,1200,園田,4,0,1,0.0,0.25
福島,芝,1200,大井,1,0,0,0.0,0.0
福島,芝,1200,小倉,158,16,37,0.1013,0.2342
福島,芝,1200,新潟,140,9,26,0.0643,0.1857
福島,芝,1200,札幌,42,2,11,0.0476,0.2619
福島,芝,1200,東京,105,4,16,0.0381,0.1524
福島,芝,1200,水沢,1,0,0,0.0,0.0
福島,芝,1200,福島,170,16,43,0.0941,0.2529
福島,芝,1200,笠松,4,0,0,0.0,0.0
福島,芝,1200,船橋,3,0,0,0.0,0.0
福島,芝,1200,金沢,3,0,0,0.0,0.0
福島,芝,1200,門別,1,0,0,0.0,0.0
福島,芝,1200,阪神,51,1,13,0.0196,0.2549
福島,芝,1200,高知,1,0,0,0.0,0.0
福島,芝,1800,中京,28,3,7,0.1071,0.25
福島,芝,1800,中山,55,3,14,0.0545,0.2545
福島,芝,1800,京都,9,1,1,0.1111,0.1111
福島,芝,1800,函館,4,0,1,0.0,0.25
福島,芝,1800,園田,1,0,0,0.0,0.0
福島,芝,1800,姫路,1,0,0,0.0,0.0
福島,芝,1800,小倉,42,5,12,0.119,0.2857
福島,芝,1800,新潟,56,2,8,0.0357,0.1429
福島,芝,1800,札幌,22,0,1,0.0,0.0455
福島,芝,1800,東京,114,5,22,0.0439,0.193
福島,芝,1800,盛岡,4,0,1,0.0,0.25
福島,芝,1800,福島,83,7,20,0.0843,0.241
福島,芝,1800,笠松,1,0,0,0.0,0.0
福島,芝,1800,金沢,2,0,0,0.0,0.0
福島,芝,1800,阪神,30,5,6,0.1667,0.2
福島,芝,2000,中京,33,3,11,0.0909,0.3333
福島,芝,2000,中山,65,6,12,0.0923,0.1846
福島,芝,2000,京都,17,1,2,0.0588,0.1176
福島,芝,2000,佐賀,1,0,0,0.0,0.0
福島,芝,2000,函館,8,0,2,0.0,0.25
福島,芝,2000,名古,1,0,0,0.0,0.0
福島,芝,2000,園田,1,0,0,0.0,0.0
福島,芝,2000,小倉,61,2,9,0.0328,0.1475
福島,芝,2000,川崎,2,0,0,0.0,0.0
福島,芝,2000,新潟,43,5,10,0.1163,0.2326
福島,芝,2000,札幌,19,2,3,0.1053,0.1579
福島,芝,2000,東京,51,2,15,0.0392,0.2941
福島,芝,2000,盛岡,1,0,0,0.0,0.0
福島,芝,2000,福島,52,6,13,0.1154,0.25
福島,芝,2000,笠松,1,0,0,0.0,0.0
福島,芝,2000,金沢,1,0,0,0.0,0.0
福島,芝,2000,阪神,28,2,10,0.0714,0.3571
福島,芝,2000,高知,1,0,0,0.0,0.0
福島,芝,2600,中京,22,2,5,0.0909,0.2273
福島,芝,2600,中山,48,4,6,0.0833,0.125
福島,芝,2600,京都,10,1,2,0.1,0.2
福島,芝,2600,函館,4,0,0,0.0,0.0
福島,芝,2600,名古,1,0,0,0.0,0.0
福島,芝,2600,小倉,43,2,12,0.0465,0.2791
福島,芝,2600,新潟,36,3,7,0.0833,0.1944
福島,芝,2600,札幌,25,2,8,0.08,0.32
福島,芝,2600,東京,53,6,16,0.1132,0.3019
福島,芝,2600,福島,50,1,11,0.02,0.22
福島,芝,2600,門別,2,0,0,0.0,0.0
福島,芝,2600,阪神,23,3,5,0.1304,0.2174
阪神,ダ,1200,中京,174,11,32,0.0632,0.1839
阪神,ダ,1200,中山,78,3,8,0.0385,0.1026
阪神,ダ,1200,京都,105,12,32,0.1143,0.3048
阪神,ダ,1200,佐賀,1,0,0,0.0,0.0
阪神,ダ,1200,函館,1,0,0,0.0,0.0
阪神,ダ,1200,名古,1,0,0,0.0,0.0
阪神,ダ,1200,園田,9,0,0,0.0,0.0
阪神,ダ,1200,大井,2,0,0,0.0,0.0
阪神,ダ,1200,姫路,3,0,1,0.0,0.3333
阪神,ダ,1200,小倉,87,5,18,0.0575,0.2069
阪神,ダ,1200,川崎,1,0,0,0.0,0.0
阪神,ダ,1200,新潟,37,3,6,0.0811,0.1622
阪神,ダ,1200,札幌,16,2,6,0.125,0.375
阪神,ダ,1200,東京,30,1,2,0.0333,0.0667
阪神,ダ,1200,浦和,1,0,0,0.0,0.0
阪神,ダ,1200,盛岡,1,0,1,0.0,1.0
阪神,ダ,1200,福島,44,3,4,0.0682,0.0909
阪神,ダ,1200,笠松,4,0,0,0.0,0.0
阪神,ダ,1200,船橋,1,0,0,0.0,0.0
阪神,ダ,1200,門別,1,0,0,0.0,0.0
阪神,ダ,1200,阪神,322,22,76,0.0683,0.236
阪神,ダ,1400,中京,176,16,42,0.0909,0.2386
阪神,ダ,1400,中山,41,2,3,0.0488,0.0732
阪神,ダ,1400,京都,120,9,26,0.075,0.2167
阪神,ダ,1400,佐賀,1,0,0,0.0,0.0
阪神,ダ,1400,函館,4,0,1,0.0,0.25
阪神,ダ,1400,名古,2,0,1,0.0,0.5
阪神,ダ,1400,園田,7,0,2,0.0,0.2857
阪神,ダ,1400,大井,2,1,1,0.5,0.5
阪神,ダ,1400,姫路,2,0,0,0.0,0.0
阪神,ダ,1400,小倉,81,3,12,0.037,0.1481
阪神,ダ,1400,川崎,12,0,1,0.0,0.0833
阪神,ダ,1400,新潟,25,0,1,0.0,0.04
阪神,ダ,1400,札幌,18,1,3,0.0556,0.1667
阪神,ダ,1400,東京,118,13,33,0.1102,0.2797
阪神,ダ,1400,水沢,1,0,0,0.0,0.0
阪神,ダ,1400,浦和,6,0,0,0.0,0.0
阪神,ダ,1400,盛岡,2,0,0,0.0,0.0
阪神,ダ,1400,福島,28,0,4,0.0,0.1429
阪神,ダ,1400,笠松,3,0,0,0.0,0.0
阪神,ダ,1400,船橋,4,0,0,0.0,0.0
阪神,ダ,1400,金沢,4,0,1,0.0,0.25
阪神,ダ,1400,門別,6,0,0,0.0,0.0
阪神,ダ,1400,阪神,338,24,76,0.071,0.2249
阪神,ダ,1400,高知,2,0,0,0.0,0.0
阪神,ダ,1800,中京,244,21,63,0.0861,0.2582
阪神,ダ,1800,中山,59,3,14,0.0508,0.2373
阪神,ダ,1800,京都,149,13,39,0.0872,0.2617
阪神,ダ,1800,函館,10,1,4,0.1,0.4
阪神,ダ,1800,名古,5,0,0,0.0,0.0
阪神,ダ,1800,園田,7,2,2,0.2857,0.2857
阪神,ダ,1800,大井,1,0,1,0.0,1.0
阪神,ダ,1800,姫路,2,0,0,0.0,0.0
阪神,ダ,1800,小倉,122,6,22,0.0492,0.1803
阪神,ダ,1800,川崎,5,0,1,0.0,0.2
阪神,ダ,1800,新潟,56,4,12,0.0714,0.2143
阪神,ダ,1800,札幌,36,2,7,0.0556,0.1944
阪神,ダ,1800,東京,77,4,14,0.0519,0.1818
阪神,ダ,1800,浦和,3,1,1,0.3333,0.3333
阪神,ダ,1800,盛岡,2,0,0,0.0,0.0
阪神,ダ,1800,福島,36,5,11,0.1389,0.3056
阪神,ダ,1800,笠松,6,1,1,0.1667,0.1667
阪神,ダ,1800,船橋,3,0,1,0.0,0.3333
阪神,ダ,1800,金沢,5,0,0,0.0,0.0
阪神,ダ,1800,門別,1,0,0,0.0,0.0
阪神,ダ,1800,阪神,409,35,101,0.0856,0.2469
阪神,ダ,2000,中京,62,5,15,0.0806,0.2419
阪神,ダ,2000,中山,21,1,5,0.0476,0.2381
阪神,ダ,2000,京都,45,4,8,0.0889,0.1778
阪神,ダ,2000,函館,1,0,0,0.0,0.0
阪神,ダ,2000,園田,1,0,0,0.0,0.0
阪神,ダ,2000,小倉,15,0,3,0.0,0.2
阪神,ダ,2000,川崎,1,0,0,0.0,0.0
阪神,ダ,2000,新潟,10,0,2,0.0,0.2
阪神,ダ,2000,札幌,2,0,0,0.0,0.0
阪神,ダ,2000,東京,33,4,14,0.1212,0.4242
阪神,ダ,2000,福島,6,0,1,0.0,0.1667
阪神,ダ,2000,金沢,1,0,0,0.0,0.0
阪神,ダ,2000,阪神,114,11,27,0.0965,0.2368
阪神,芝,1200,中京,45,7,13,0.1556,0.2889
阪神,芝,1200,中山,32,0,6,0.0,0.1875
阪神,芝,1200,京都,51,4,12,0.0784,0.2353
阪神,芝,1200,佐賀,1,0,0,0.0,0.0
阪神,芝,1200,函館,4,0,0,0.0,0.0
阪神,芝,1200,園田,3,0,0,0.0,0.0
阪神,芝,1200,姫路,1,0,0,0.0,0.0
阪神,芝,1200,小倉,73,4,11,0.0548,0.1507
阪神,芝,1200,新潟,28,1,5,0.0357,0.1786
阪神,芝,1200,札幌,19,2,5,0.1053,0.2632
阪神,芝,1200,東京,15,1,5,0.0667,0.3333
阪神,芝,1200,浦和,1,0,0,0.0,0.0
阪神,芝,1200,福島,18,3,6,0.1667,0.3333
阪神,芝,1200,阪神,62,4,15,0.0645,0.2419
阪神,芝,1200,高知,1,0,0,0.0,0.0
阪神,芝,1400,中京,94,11,24,0.117,0.2553
阪神,芝,1400,中山,27,1,9,0.037,0.3333
阪神,芝,1400,京都,68,4,14,0.0588,0.2059
阪神,芝,1400,函館,6,1,1,0.1667,0.1667
阪神,芝,1400,名古,1,0,0,0.0,0.0
阪神,芝,1400,園田,2,0,0,0.0,0.0
阪神,芝,1400,小倉,61,2,11,0.0328,0.1803
阪神,芝,1400,新潟,24,3,5,0.125,0.2083
阪神,芝,1400,札幌,14,3,3,0.2143,0.2143
阪神,芝,1400,東京,58,3,14,0.0517,0.2414
阪神,芝,1400,浦和,1,0,0,0.0,0.0
阪神,芝,1400,福島,6,0,2,0.0,0.3333
阪神,芝,1400,笠松,1,0,0,0.0,0.0
阪神,芝,1400,阪神,186,13,40,0.0699,0.2151
阪神,芝,1400,高知,2,0,0,0.0,0.0
阪神,芝,1600,中京,117,7,26,0.0598,0.2222
阪神,芝,1600,中山,43,3,9,0.0698,0.2093
阪神,芝,1600,京都,56,5,14,0.0893,0.25
阪神,芝,1600,函館,2,1,2,0.5,1.0
阪神,芝,1600,名古,2,0,0,0.0,0.0
阪神,芝,1600,園田,3,0,0,0.0,0.0
阪神,芝,1600,姫路,1,0,0,0.0,0.0
阪神,芝,1600,小倉,45,2,8,0.0444,0.1778
阪神,芝,1600,新潟,38,7,10,0.1842,0.2632
阪神,芝,1600,札幌,14,0,2,0.0,0.1429
阪神,芝,1600,東京,43,3,13,0.0698,0.3023
阪神,芝,1600,盛岡,1,0,0,0.0,0.0
阪神,芝,1600,福島,5,0,1,0.0,0.2
阪神,芝,1600,笠松,1,0,0,0.0,0.0
阪神,芝,1600,船橋,2,0,0,0.0,0.0
阪神,芝,1600,阪神,164,16,47,0.0976,0.2866
阪神,芝,1800,中京,78,5,17,0.0641,0.2179
阪神,芝,1800,中山,28,5,12,0.1786,0.4286
阪神,芝,1800,京都,59,6,18,0.1017,0.3051
阪神,芝,1800,函館,2,1,1,0.5,0.5
阪神,芝,1800,園田,2,0,0,0.0,0.0
阪神,芝,1800,姫路,1,0,0,0.0,0.0
阪神,芝,1800,小倉,62,3,13,0.0484,0.2097
阪神,芝,1800,新潟,28,1,8,0.0357,0.2857
阪神,芝,1800,札幌,11,0,2,0.0,0.1818
阪神,芝,1800,東京,48,5,15,0.1042,0.3125
阪神,芝,1800,福島,8,0,3,0.0,0.375
阪神,芝,1800,阪神,126,16,37,0.127,0.2937
阪神,芝,2000,中京,64,7,19,0.1094,0.2969
阪神,芝,2000,中山,28,3,9,0.1071,0.3214
阪神,芝,2000,京都,56,7,17,0.125,0.3036
阪神,芝,2000,函館,5,1,2,0.2,0.4
阪神,芝,2000,小倉,58,4,15,0.069,0.2586
阪神,芝,2000,新潟,18,0,3,0.0,0.1667
阪神,芝,2000,札幌,18,0,4,0.0,0.2222
阪神,芝,2000,東京,30,6,12,0.2,0.4
阪神,芝,2000,福島,9,2,6,0.2222,0.6667
阪神,芝,2000,笠松,1,0,0,0.0,0.0
阪神,芝,2000,阪神,108,7,24,0.0648,0.2222
阪神,芝,2200,中京,24,4,7,0.1667,0.2917
阪神,芝,2200,中山,9,1,4,0.1111,0.4444
阪神,芝,2200,京都,16,2,4,0.125,0.25
阪神,芝,2200,函館,1,0,0,0.0,0.0
阪神,芝,2200,名古,1,0,0,0.0,0.0
阪神,芝,2200,小倉,8,1,3,0.125,0.375
阪神,芝,2200,新潟,7,1,2,0.1429,0.2857
阪神,芝,2200,札幌,5,0,1,0.0,0.2
阪神,芝,2200,東京,15,1,2,0.0667,0.1333
阪神,芝,2200,福島,2,0,0,0.0,0.0
阪神,芝,2200,阪神,23,1,10,0.0435,0.4348
阪神,芝,2400,中京,35,4,9,0.1143,0.2571
阪神,芝,2400,中山,21,1,4,0.0476,0.1905
阪神,芝,2400,京都,31,4,12,0.129,0.3871
阪神,芝,2400,名古,1,0,0,0.0,0.0
阪神,芝,2400,姫路,1,0,0,0.0,0.0
阪神,芝,2400,小倉,30,2,11,0.0667,0.3667
阪神,芝,2400,川崎,1,0,0,0.0,0.0
阪神,芝,2400,新潟,3,0,1,0.0,0.3333
阪神,芝,2400,札幌,13,1,4,0.0769,0.3077
阪神,芝,2400,東京,22,2,9,0.0909,0.4091
阪神,芝,2400,福島,2,0,0,0.0,0.0
阪神,芝,2400,船橋,1,0,0,0.0,0.0
阪神,芝,2400,門別,1,0,0,0.0,0.0
阪神,芝,2400,阪神,82,11,25,0.1341,0.3049
阪神,芝,2600,中京,7,1,2,0.1429,0.2857
阪神,芝,2600,中山,3,0,0,0.0,0.0
阪神,芝,2600,京都,1,0,1,0.0,1.0
阪神,芝,2600,小倉,9,0,1,0.0,0.1111
阪神,芝,2600,札幌,2,1,1,0.5,0.5
阪神,芝,2600,東京,3,0,2,0.0,0.6667
阪神,芝,2600,福島,4,0,1,0.0,0.25
阪神,芝,2600,阪神,11,2,4,0.1818,0.3636
阪神,芝,3000,中京,10,0,0,0.0,0.0
阪神,芝,3000,中山,5,0,2,0.0,0.4
阪神,芝,3000,京都,7,1,1,0.1429,0.1429
阪神,芝,3000,小倉,1,0,0,0.0,0.0
阪神,芝,3000,新潟,2,1,1,0.5,0.5
阪神,芝,3000,札幌,4,0,0,0.0,0.0
阪神,芝,3000,東京,6,0,2,0.0,0.3333
阪神,芝,3000,阪神,4,1,3,0.25,0.75
