前走競馬場,前走芝ダ,前走距離数値,前3角位置カテゴリ,件数,勝利数,複勝数,単勝払戻合計,複勝払戻合計,勝率,複勝率,単回収率,複回収率
中京,ダ,1200,1番手,49,7,11,3270.0,4600.0,14.29,22.45,66.73,93.88
中京,ダ,1200,2-3番手,149,13,42,22240.0,15070.0,8.72,28.19,149.26,101.14
中京,ダ,1200,4-6番手,110,12,28,22090.0,7850.0,10.91,25.45,200.82,71.36
中京,ダ,1200,7-10番手,262,10,48,10920.0,20900.0,3.82,18.32,41.68,79.77
中京,ダ,1200,11番手以下,85,1,6,370.0,2420.0,1.18,7.06,4.35,28.47
中京,ダ,1400,1番手,57,6,16,3440.0,4790.0,10.53,28.07,60.35,84.04
中京,ダ,1400,2-3番手,210,30,71,21380.0,24320.0,14.29,33.81,101.81,115.81
中京,ダ,1400,4-6番手,163,13,37,6700.0,12050.0,7.98,22.7,41.1,73.93
中京,ダ,1400,7-10番手,305,19,61,29570.0,25320.0,6.23,20.0,96.95,83.02
中京,ダ,1400,11番手以下,127,1,13,220.0,7510.0,0.79,10.24,1.73,59.13
中京,ダ,1800,1番手,88,7,19,4460.0,4820.0,7.95,21.59,50.68,54.77
中京,ダ,1800,2-3番手,199,24,53,13530.0,12330.0,12.06,26.63,67.99,61.96
中京,ダ,1800,4-6番手,206,21,50,12030.0,12820.0,10.19,24.27,58.4,62.23
中京,ダ,1800,7-10番手,359,17,79,16210.0,29880.0,4.74,22.01,45.15,83.23
中京,ダ,1800,11番手以下,128,8,18,17320.0,10480.0,6.25,14.06,135.31,81.88
中京,ダ,1900,1番手,39,3,14,2050.0,3680.0,7.69,35.9,52.56,94.36
中京,ダ,1900,2-3番手,97,5,24,10700.0,9480.0,5.15,24.74,110.31,97.73
中京,ダ,1900,4-6番手,82,8,21,5680.0,5080.0,9.76,25.61,69.27,61.95
中京,ダ,1900,7-10番手,160,7,32,5880.0,14140.0,4.38,20.0,36.75,88.38
中京,ダ,1900,11番手以下,55,1,6,3150.0,2450.0,1.82,10.91,57.27,44.55
中京,芝,1200,1番手,34,8,14,7100.0,3910.0,23.53,41.18,208.82,115.0
中京,芝,1200,2-3番手,83,9,19,7280.0,5290.0,10.84,22.89,87.71,63.73
中京,芝,1200,4-6番手,105,12,27,12260.0,7810.0,11.43,25.71,116.76,74.38
中京,芝,1200,7-10番手,173,11,39,17500.0,12920.0,6.36,22.54,101.16,74.68
中京,芝,1200,11番手以下,66,1,7,640.0,3730.0,1.52,10.61,9.7,56.52
中京,芝,1400,1番手,41,3,8,2060.0,2480.0,7.32,19.51,50.24,60.49
中京,芝,1400,2-3番手,99,17,28,19170.0,8660.0,17.17,28.28,193.64,87.47
中京,芝,1400,4-6番手,100,10,23,7310.0,6470.0,10.0,23.0,73.1,64.7
中京,芝,1400,7-10番手,184,17,38,24740.0,12870.0,9.24,20.65,134.46,69.95
中京,芝,1400,11番手以下,65,2,13,1280.0,3930.0,3.08,20.0,19.69,60.46
中京,芝,1600,1番手,58,6,12,4160.0,3350.0,10.34,20.69,71.72,57.76
中京,芝,1600,2-3番手,133,12,31,8920.0,9510.0,9.02,23.31,67.07,71.5
中京,芝,1600,4-6番手,123,19,38,17580.0,9770.0,15.45,30.89,142.93,79.43
中京,芝,1600,7-10番手,244,11,53,13680.0,21690.0,4.51,21.72,56.07,88.89
中京,芝,1600,11番手以下,93,6,12,4170.0,4480.0,6.45,12.9,44.84,48.17
中京,芝,2000,1番手,65,5,18,2610.0,3970.0,7.69,27.69,40.15,61.08
中京,芝,2000,2-3番手,124,15,38,17920.0,10690.0,12.1,30.65,144.52,86.21
中京,芝,2000,4-6番手,147,16,44,13720.0,16700.0,10.88,29.93,93.33,113.61
中京,芝,2000,7-10番手,268,23,65,21410.0,16780.0,8.58,24.25,79.89,62.61
中京,芝,2000,11番手以下,100,3,11,790.0,3270.0,3.0,11.0,7.9,32.7
中京,芝,2200,1番手,37,7,16,7500.0,4330.0,18.92,43.24,202.7,117.03
中京,芝,2200,2-3番手,66,4,22,1320.0,6430.0,6.06,33.33,20.0,97.42
中京,芝,2200,4-6番手,81,9,26,4500.0,8180.0,11.11,32.1,55.56,100.99
中京,芝,2200,7-10番手,150,12,52,8170.0,11190.0,8.0,34.67,54.47,74.6
中京,芝,2200,11番手以下,55,6,14,5650.0,5180.0,10.91,25.45,102.73,94.18
中山,ダ,1200,1番手,133,11,26,6250.0,5850.0,8.27,19.55,46.99,43.98
中山,ダ,1200,2-3番手,419,36,98,28600.0,28620.0,8.59,23.39,68.26,68.31
中山,ダ,1200,4-6番手,315,19,59,19140.0,20890.0,6.03,18.73,60.76,66.32
中山,ダ,1200,7-10番手,613,21,91,30630.0,40830.0,3.43,14.85,49.97,66.61
中山,ダ,1200,11番手以下,243,8,26,14750.0,19930.0,3.29,10.7,60.7,82.02
中山,ダ,1800,1番手,149,20,47,19910.0,13330.0,13.42,31.54,133.62,89.46
中山,ダ,1800,2-3番手,399,34,103,53660.0,31850.0,8.52,25.81,134.49,79.82
中山,ダ,1800,4-6番手,309,24,76,13970.0,20780.0,7.77,24.6,45.21,67.25
中山,ダ,1800,7-10番手,604,22,95,40920.0,38250.0,3.64,15.73,67.75,63.33
中山,ダ,1800,11番手以下,226,11,28,18120.0,11390.0,4.87,12.39,80.18,50.4
中山,ダ,2400,1番手,20,2,6,9150.0,3350.0,10.0,30.0,457.5,167.5
中山,ダ,2400,2-3番手,54,5,15,2160.0,3300.0,9.26,27.78,40.0,61.11
中山,ダ,2400,4-6番手,50,2,11,2530.0,4450.0,4.0,22.0,50.6,89.0
中山,ダ,2400,7-10番手,82,3,10,1910.0,2570.0,3.66,12.2,23.29,31.34
中山,ダ,2400,11番手以下,30,0,2,0.0,480.0,0.0,6.67,0.0,16.0
中山,芝,1200,1番手,59,5,15,1580.0,3190.0,8.47,25.42,26.78,54.07
中山,芝,1200,2-3番手,155,10,41,9060.0,16060.0,6.45,26.45,58.45,103.61
中山,芝,1200,4-6番手,152,6,36,2510.0,10850.0,3.95,23.68,16.51,71.38
中山,芝,1200,7-10番手,297,15,51,21420.0,24330.0,5.05,17.17,72.12,81.92
中山,芝,1200,11番手以下,113,2,14,1710.0,6560.0,1.77,12.39,15.13,58.05
中山,芝,1600,1番手,85,10,15,6800.0,2980.0,11.76,17.65,80.0,35.06
中山,芝,1600,2-3番手,216,18,58,10400.0,15100.0,8.33,26.85,48.15,69.91
中山,芝,1600,4-6番手,194,11,51,18260.0,15450.0,5.67,26.29,94.12,79.64
中山,芝,1600,7-10番手,371,21,78,16110.0,28590.0,5.66,21.02,43.42,77.06
中山,芝,1600,11番手以下,128,8,19,15910.0,7530.0,6.25,14.84,124.3,58.83
中山,芝,1800,1番手,54,7,11,13340.0,4390.0,12.96,20.37,247.04,81.3
中山,芝,1800,2-3番手,119,11,37,11150.0,10950.0,9.24,31.09,93.7,92.02
中山,芝,1800,4-6番手,121,12,36,5260.0,10570.0,9.92,29.75,43.47,87.36
中山,芝,1800,7-10番手,233,20,50,29070.0,21160.0,8.58,21.46,124.76,90.82
中山,芝,1800,11番手以下,87,3,14,2490.0,3960.0,3.45,16.09,28.62,45.52
中山,芝,2000,1番手,56,3,11,1060.0,3000.0,5.36,19.64,18.93,53.57
中山,芝,2000,2-3番手,134,12,36,4250.0,8450.0,8.96,26.87,31.72,63.06
中山,芝,2000,4-6番手,163,16,42,12350.0,12190.0,9.82,25.77,75.77,74.79
中山,芝,2000,7-10番手,268,22,74,12710.0,22170.0,8.21,27.61,47.43,82.72
中山,芝,2000,11番手以下,98,5,21,6150.0,8630.0,5.1,21.43,62.76,88.06
中山,芝,2200,1番手,25,1,6,140.0,1790.0,4.0,24.0,5.6,71.6
中山,芝,2200,2-3番手,52,7,16,2830.0,3510.0,13.46,30.77,54.42,67.5
中山,芝,2200,4-6番手,55,6,17,3470.0,3780.0,10.91,30.91,63.09,68.73
中山,芝,2200,7-10番手,100,12,35,4590.0,7310.0,12.0,35.0,45.9,73.1
中山,芝,2200,11番手以下,38,0,4,0.0,690.0,0.0,10.53,0.0,18.16
中山,芝,2500,1番手,23,2,3,730.0,590.0,8.7,13.04,31.74,25.65
中山,芝,2500,2-3番手,58,5,16,1900.0,3700.0,8.62,27.59,32.76,63.79
中山,芝,2500,4-6番手,50,2,11,1360.0,3700.0,4.0,22.0,27.2,74.0
中山,芝,2500,7-10番手,101,8,20,8250.0,6540.0,7.92,19.8,81.68,64.75
中山,芝,2500,11番手以下,39,0,7,0.0,4540.0,0.0,17.95,0.0,116.41
京都,ダ,1200,1番手,48,10,19,3650.0,4010.0,20.83,39.58,76.04,83.54
京都,ダ,1200,2-3番手,125,13,45,9770.0,13330.0,10.4,36.0,78.16,106.64
京都,ダ,1200,4-6番手,97,9,22,9210.0,6660.0,9.28,22.68,94.95,68.66
京都,ダ,1200,7-10番手,200,10,39,15710.0,18180.0,5.0,19.5,78.55,90.9
京都,ダ,1200,11番手以下,72,1,6,670.0,1530.0,1.39,8.33,9.31,21.25
京都,ダ,1400,1番手,51,10,16,25200.0,7420.0,19.61,31.37,494.12,145.49
京都,ダ,1400,2-3番手,121,9,28,10750.0,13300.0,7.44,23.14,88.84,109.92
京都,ダ,1400,4-6番手,110,7,30,3840.0,7810.0,6.36,27.27,34.91,71.0
京都,ダ,1400,7-10番手,201,13,34,8370.0,11710.0,6.47,16.92,41.64,58.26
京都,ダ,1400,11番手以下,85,3,12,2460.0,4060.0,3.53,14.12,28.94,47.76
京都,ダ,1800,1番手,66,8,23,5950.0,5110.0,12.12,34.85,90.15,77.42
京都,ダ,1800,2-3番手,176,19,48,19750.0,16210.0,10.8,27.27,112.22,92.1
京都,ダ,1800,4-6番手,169,17,46,12250.0,14950.0,10.06,27.22,72.49,88.46
京都,ダ,1800,7-10番手,304,17,74,17660.0,25510.0,5.59,24.34,58.09,83.91
京都,ダ,1800,11番手以下,107,3,20,1220.0,5860.0,2.8,18.69,11.4,54.77
京都,ダ,1900,1番手,25,2,7,1470.0,3570.0,8.0,28.0,58.8,142.8
京都,ダ,1900,2-3番手,69,10,22,4860.0,4390.0,14.49,31.88,70.43,63.62
京都,ダ,1900,4-6番手,52,6,13,2770.0,4950.0,11.54,25.0,53.27,95.19
京都,ダ,1900,7-10番手,122,12,33,16890.0,11340.0,9.84,27.05,138.44,92.95
京都,ダ,1900,11番手以下,40,0,3,0.0,1190.0,0.0,7.5,0.0,29.75
京都,芝,1200,1番手,25,4,7,3240.0,2360.0,16.0,28.0,129.6,94.4
京都,芝,1200,2-3番手,62,4,14,3400.0,3500.0,6.45,22.58,54.84,56.45
京都,芝,1200,4-6番手,61,7,20,2660.0,3490.0,11.48,32.79,43.61,57.21
京都,芝,1200,7-10番手,120,9,25,13890.0,8090.0,7.5,20.83,115.75,67.42
京都,芝,1200,11番手以下,52,2,9,1740.0,4640.0,3.85,17.31,33.46,89.23
京都,芝,1400,1番手,33,4,11,2250.0,3350.0,12.12,33.33,68.18,101.52
京都,芝,1400,2-3番手,89,10,29,9080.0,6890.0,11.24,32.58,102.02,77.42
京都,芝,1400,4-6番手,92,12,27,5530.0,6040.0,13.04,29.35,60.11,65.65
京都,芝,1400,7-10番手,163,4,27,1160.0,9250.0,2.45,16.56,7.12,56.75
京都,芝,1400,11番手以下,59,1,9,390.0,7690.0,1.69,15.25,6.61,130.34
京都,芝,1600,1番手,40,5,13,6890.0,4890.0,12.5,32.5,172.25,122.25
京都,芝,1600,2-3番手,83,11,26,6820.0,6080.0,13.25,31.33,82.17,73.25
京都,芝,1600,4-6番手,99,9,27,6160.0,11010.0,9.09,27.27,62.22,111.21
京都,芝,1600,7-10番手,170,9,44,4250.0,10270.0,5.29,25.88,25.0,60.41
京都,芝,1600,11番手以下,66,2,10,850.0,6640.0,3.03,15.15,12.88,100.61
京都,芝,1800,1番手,33,0,4,0.0,670.0,0.0,12.12,0.0,20.3
京都,芝,1800,2-3番手,38,2,8,1030.0,1790.0,5.26,21.05,27.11,47.11
京都,芝,1800,4-6番手,68,9,26,6740.0,5860.0,13.24,38.24,99.12,86.18
京都,芝,1800,7-10番手,102,8,23,5440.0,6150.0,7.84,22.55,53.33,60.29
京都,芝,1800,11番手以下,44,4,8,9240.0,3330.0,9.09,18.18,210.0,75.68
京都,芝,2000,1番手,35,4,8,2420.0,2480.0,11.43,22.86,69.14,70.86
京都,芝,2000,2-3番手,53,4,14,1820.0,4820.0,7.55,26.42,34.34,90.94
京都,芝,2000,4-6番手,69,13,24,8870.0,4540.0,18.84,34.78,128.55,65.8
京都,芝,2000,7-10番手,121,7,27,4420.0,7680.0,5.79,22.31,36.53,63.47
京都,芝,2000,11番手以下,42,1,9,1470.0,2410.0,2.38,21.43,35.0,57.38
京都,芝,2200,2-3番手,33,4,10,940.0,2210.0,12.12,30.3,28.48,66.97
京都,芝,2200,4-6番手,29,5,12,1880.0,2610.0,17.24,41.38,64.83,90.0
京都,芝,2200,7-10番手,71,12,25,5990.0,5600.0,16.9,35.21,84.37,78.87
京都,芝,2200,11番手以下,32,3,8,1500.0,2130.0,9.38,25.0,46.88,66.56
京都,芝,2400,2-3番手,26,5,10,4040.0,2400.0,19.23,38.46,155.38,92.31
京都,芝,2400,4-6番手,24,0,7,0.0,1270.0,0.0,29.17,0.0,52.92
京都,芝,2400,7-10番手,59,8,19,8180.0,5010.0,13.56,32.2,138.64,84.92
京都,芝,2400,11番手以下,22,1,2,410.0,360.0,4.55,9.09,18.64,16.36
函館,ダ,1000,1番手,31,6,10,2610.0,1860.0,19.35,32.26,84.19,60.0
函館,ダ,1000,2-3番手,51,10,18,4880.0,3190.0,19.61,35.29,95.69,62.55
函館,ダ,1000,4-6番手,44,3,13,4130.0,3950.0,6.82,29.55,93.86,89.77
函館,ダ,1000,7-10番手,90,4,17,5170.0,7000.0,4.44,18.89,57.44,77.78
函館,ダ,1000,11番手以下,27,0,4,0.0,1190.0,0.0,14.81,0.0,44.07
函館,ダ,1700,1番手,56,5,19,2500.0,3860.0,8.93,33.93,44.64,68.93
函館,ダ,1700,2-3番手,135,13,35,9330.0,8850.0,9.63,25.93,69.11,65.56
函館,ダ,1700,4-6番手,101,10,26,9670.0,6600.0,9.9,25.74,95.74,65.35
函館,ダ,1700,7-10番手,217,16,52,22060.0,17810.0,7.37,23.96,101.66,82.07
函館,ダ,1700,11番手以下,84,2,10,1590.0,5350.0,2.38,11.9,18.93,63.69
函館,芝,1200,1番手,70,7,17,3490.0,3660.0,10.0,24.29,49.86,52.29
函館,芝,1200,2-3番手,158,10,47,6310.0,14710.0,6.33,29.75,39.94,93.1
函館,芝,1200,4-6番手,154,13,28,9470.0,7930.0,8.44,18.18,61.49,51.49
函館,芝,1200,7-10番手,292,21,64,15960.0,19190.0,7.19,21.92,54.66,65.72
函館,芝,1200,11番手以下,116,4,15,8440.0,4690.0,3.45,12.93,72.76,40.43
函館,芝,1800,1番手,34,4,9,2640.0,2240.0,11.76,26.47,77.65,65.88
函館,芝,1800,2-3番手,59,5,16,3040.0,4400.0,8.47,27.12,51.53,74.58
函館,芝,1800,4-6番手,72,9,20,7950.0,5430.0,12.5,27.78,110.42,75.42
函館,芝,1800,7-10番手,138,14,38,16050.0,13600.0,10.14,27.54,116.3,98.55
函館,芝,1800,11番手以下,43,2,5,4060.0,2490.0,4.65,11.63,94.42,57.91
函館,芝,2000,2-3番手,48,3,17,2360.0,5710.0,6.25,35.42,49.17,118.96
函館,芝,2000,4-6番手,56,3,12,1530.0,6380.0,5.36,21.43,27.32,113.93
函館,芝,2000,7-10番手,81,5,14,6180.0,6720.0,6.17,17.28,76.3,82.96
函館,芝,2000,11番手以下,27,1,1,230.0,120.0,3.7,3.7,8.52,4.44
函館,芝,2600,4-6番手,29,1,6,560.0,1120.0,3.45,20.69,19.31,38.62
函館,芝,2600,7-10番手,35,0,7,0.0,2850.0,0.0,20.0,0.0,81.43
函館,芝,2600,11番手以下,20,0,1,0.0,0.0,0.0,5.0,0.0,0.0
名古,ダ,1500,1番手,24,1,1,1230.0,420.0,4.17,4.17,51.25,17.5
名古,ダ,1500,4-6番手,20,0,2,0.0,920.0,0.0,10.0,0.0,46.0
園田,ダ,1400,1番手,48,2,8,1040.0,4120.0,4.17,16.67,21.67,85.83
園田,ダ,1400,2-3番手,43,3,7,8210.0,3960.0,6.98,16.28,190.93,92.09
園田,ダ,1400,4-6番手,39,2,4,1570.0,1320.0,5.13,10.26,40.26,33.85
園田,ダ,1400,7-10番手,37,0,5,0.0,4290.0,0.0,13.51,0.0,115.95
小倉,ダ,1000,1番手,45,4,10,1600.0,2870.0,8.89,22.22,35.56,63.78
小倉,ダ,1000,2-3番手,84,6,26,2590.0,5790.0,7.14,30.95,30.83,68.93
小倉,ダ,1000,4-6番手,84,4,19,4830.0,5590.0,4.76,22.62,57.5,66.55
小倉,ダ,1000,7-10番手,123,7,18,10710.0,6820.0,5.69,14.63,87.07,55.45
小倉,ダ,1000,11番手以下,58,1,2,5220.0,860.0,1.72,3.45,90.0,14.83
小倉,ダ,1700,1番手,96,13,25,7530.0,6550.0,13.54,26.04,78.44,68.23
小倉,ダ,1700,2-3番手,277,26,64,26330.0,25480.0,9.39,23.1,95.05,91.99
小倉,ダ,1700,4-6番手,226,19,51,20500.0,21330.0,8.41,22.57,90.71,94.38
小倉,ダ,1700,7-10番手,416,23,74,25720.0,27640.0,5.53,17.79,61.83,66.44
小倉,ダ,1700,11番手以下,142,3,17,3910.0,7190.0,2.11,11.97,27.54,50.63
小倉,ダ,2400,7-10番手,20,1,6,1240.0,2020.0,5.0,30.0,62.0,101.0
小倉,芝,1200,1番手,108,9,26,4380.0,7290.0,8.33,24.07,40.56,67.5
小倉,芝,1200,2-3番手,273,21,73,24200.0,22080.0,7.69,26.74,88.64,80.88
小倉,芝,1200,4-6番手,284,24,60,31230.0,19260.0,8.45,21.13,109.96,67.82
小倉,芝,1200,7-10番手,473,26,82,18300.0,30080.0,5.5,17.34,38.69,63.59
小倉,芝,1200,11番手以下,169,3,13,1830.0,9380.0,1.78,7.69,10.83,55.5
小倉,芝,1800,1番手,55,4,9,3120.0,1930.0,7.27,16.36,56.73,35.09
小倉,芝,1800,2-3番手,127,9,31,9610.0,8720.0,7.09,24.41,75.67,68.66
小倉,芝,1800,4-6番手,138,7,31,4710.0,15060.0,5.07,22.46,34.13,109.13
小倉,芝,1800,7-10番手,248,20,63,46400.0,28940.0,8.06,25.4,187.1,116.69
小倉,芝,1800,11番手以下,94,1,15,860.0,5360.0,1.06,15.96,9.15,57.02
小倉,芝,2000,1番手,45,6,11,2940.0,3130.0,13.33,24.44,65.33,69.56
小倉,芝,2000,2-3番手,104,11,37,6890.0,10780.0,10.58,35.58,66.25,103.65
小倉,芝,2000,4-6番手,130,10,31,5510.0,7510.0,7.69,23.85,42.38,57.77
小倉,芝,2000,7-10番手,203,9,46,4830.0,15120.0,4.43,22.66,23.79,74.48
小倉,芝,2000,11番手以下,68,0,6,0.0,1590.0,0.0,8.82,0.0,23.38
小倉,芝,2600,1番手,21,2,3,860.0,380.0,9.52,14.29,40.95,18.1
小倉,芝,2600,2-3番手,45,1,9,440.0,2930.0,2.22,20.0,9.78,65.11
小倉,芝,2600,4-6番手,36,0,10,0.0,2480.0,0.0,27.78,0.0,68.89
小倉,芝,2600,7-10番手,80,9,26,6020.0,6450.0,11.25,32.5,75.25,80.62
小倉,芝,2600,11番手以下,33,0,3,0.0,3400.0,0.0,9.09,0.0,103.03
小倉,芝,2860,7-10番手,29,0,2,0.0,980.0,0.0,6.9,0.0,33.79
川崎,ダ,1600,4-6番手,23,1,3,210.0,2070.0,4.35,13.04,9.13,90.0
川崎,ダ,1600,7-10番手,32,1,2,740.0,500.0,3.12,6.25,23.12,15.62
新潟,ダ,1200,1番手,75,9,21,4910.0,5420.0,12.0,28.0,65.47,72.27
新潟,ダ,1200,2-3番手,137,11,36,11980.0,9950.0,8.03,26.28,87.45,72.63
新潟,ダ,1200,4-6番手,175,13,38,12280.0,12930.0,7.43,21.71,70.17,73.89
新潟,ダ,1200,7-10番手,307,17,50,22340.0,23180.0,5.54,16.29,72.77,75.5
新潟,ダ,1200,11番手以下,112,1,13,320.0,7070.0,0.89,11.61,2.86,63.12
新潟,ダ,1800,1番手,78,8,27,3260.0,6220.0,10.26,34.62,41.79,79.74
新潟,ダ,1800,2-3番手,178,21,53,9410.0,14410.0,11.8,29.78,52.87,80.96
新潟,ダ,1800,4-6番手,213,16,51,9280.0,15410.0,7.51,23.94,43.57,72.35
新潟,ダ,1800,7-10番手,363,16,66,19040.0,31840.0,4.41,18.18,52.45,87.71
新潟,ダ,1800,11番手以下,133,5,23,7570.0,11490.0,3.76,17.29,56.92,86.39
新潟,芝,1200,1番手,23,2,7,870.0,1350.0,8.7,30.43,37.83,58.7
新潟,芝,1200,2-3番手,69,15,22,17460.0,6990.0,21.74,31.88,253.04,101.3
新潟,芝,1200,4-6番手,61,7,10,4750.0,2320.0,11.48,16.39,77.87,38.03
新潟,芝,1200,7-10番手,112,4,21,4090.0,8090.0,3.57,18.75,36.52,72.23
新潟,芝,1200,11番手以下,41,2,6,1400.0,2100.0,4.88,14.63,34.15,51.22
新潟,芝,1400,1番手,25,2,7,1360.0,1610.0,8.0,28.0,54.4,64.4
新潟,芝,1400,2-3番手,80,6,16,5170.0,4220.0,7.5,20.0,64.62,52.75
新潟,芝,1400,4-6番手,72,3,12,10390.0,5200.0,4.17,16.67,144.31,72.22
新潟,芝,1400,7-10番手,129,5,23,4530.0,11310.0,3.88,17.83,35.12,87.67
新潟,芝,1400,11番手以下,41,1,5,2880.0,3660.0,2.44,12.2,70.24,89.27
新潟,芝,1600,1番手,23,2,4,1600.0,1790.0,8.7,17.39,69.57,77.83
新潟,芝,1600,2-3番手,71,8,16,4740.0,4760.0,11.27,22.54,66.76,67.04
新潟,芝,1600,4-6番手,69,4,17,1880.0,6460.0,5.8,24.64,27.25,93.62
新潟,芝,1600,7-10番手,134,16,32,9110.0,9370.0,11.94,23.88,67.99,69.93
新潟,芝,1600,11番手以下,44,2,4,1130.0,2670.0,4.55,9.09,25.68,60.68
新潟,芝,1800,1番手,36,5,10,4520.0,2280.0,13.89,27.78,125.56,63.33
新潟,芝,1800,2-3番手,81,7,17,3340.0,4110.0,8.64,20.99,41.23,50.74
新潟,芝,1800,4-6番手,83,4,22,1690.0,6250.0,4.82,26.51,20.36,75.3
新潟,芝,1800,7-10番手,177,14,40,19190.0,10330.0,7.91,22.6,108.42,58.36
新潟,芝,1800,11番手以下,63,1,5,610.0,4370.0,1.59,7.94,9.68,69.37
新潟,芝,2000,1番手,24,4,5,5270.0,2030.0,16.67,20.83,219.58,84.58
新潟,芝,2000,2-3番手,78,4,16,3530.0,8570.0,5.13,20.51,45.26,109.87
新潟,芝,2000,4-6番手,70,4,17,3440.0,4720.0,5.71,24.29,49.14,67.43
新潟,芝,2000,7-10番手,125,6,24,6490.0,8180.0,4.8,19.2,51.92,65.44
新潟,芝,2000,11番手以下,48,1,7,3450.0,4360.0,2.08,14.58,71.88,90.83
新潟,芝,2200,2-3番手,41,3,13,970.0,2230.0,7.32,31.71,23.66,54.39
新潟,芝,2200,4-6番手,34,6,7,5580.0,1590.0,17.65,20.59,164.12,46.76
新潟,芝,2200,7-10番手,65,9,19,5000.0,4760.0,13.85,29.23,76.92,73.23
新潟,芝,2400,7-10番手,26,5,9,3520.0,1660.0,19.23,34.62,135.38,63.85
札幌,ダ,1000,1番手,21,2,5,480.0,1270.0,9.52,23.81,22.86,60.48
札幌,ダ,1000,2-3番手,31,2,5,800.0,1330.0,6.45,16.13,25.81,42.9
札幌,ダ,1000,4-6番手,29,0,5,0.0,1530.0,0.0,17.24,0.0,52.76
札幌,ダ,1000,7-10番手,59,1,7,600.0,2990.0,1.69,11.86,10.17,50.68
札幌,ダ,1000,11番手以下,29,0,2,0.0,550.0,0.0,6.9,0.0,18.97
札幌,ダ,1700,1番手,48,3,9,1990.0,2100.0,6.25,18.75,41.46,43.75
札幌,ダ,1700,2-3番手,111,6,21,3050.0,6050.0,5.41,18.92,27.48,54.5
札幌,ダ,1700,4-6番手,145,9,36,9540.0,8870.0,6.21,24.83,65.79,61.17
札幌,ダ,1700,7-10番手,200,12,32,17370.0,11640.0,6.0,16.0,86.85,58.2
札幌,ダ,1700,11番手以下,73,2,10,1440.0,3620.0,2.74,13.7,19.73,49.59
札幌,芝,1200,1番手,39,3,11,1640.0,2450.0,7.69,28.21,42.05,62.82
札幌,芝,1200,2-3番手,89,7,16,7110.0,5780.0,7.87,17.98,79.89,64.94
札幌,芝,1200,4-6番手,88,5,23,2610.0,7860.0,5.68,26.14,29.66,89.32
札幌,芝,1200,7-10番手,148,5,31,10680.0,14210.0,3.38,20.95,72.16,96.01
札幌,芝,1200,11番手以下,54,1,7,270.0,2160.0,1.85,12.96,5.0,40.0
札幌,芝,1500,1番手,28,10,12,9260.0,3670.0,35.71,42.86,330.71,131.07
札幌,芝,1500,2-3番手,42,7,10,3760.0,2080.0,16.67,23.81,89.52,49.52
札幌,芝,1500,4-6番手,45,2,7,2980.0,1340.0,4.44,15.56,66.22,29.78
札幌,芝,1500,7-10番手,80,3,11,11460.0,4750.0,3.75,13.75,143.25,59.38
札幌,芝,1500,11番手以下,36,0,3,0.0,450.0,0.0,8.33,0.0,12.5
札幌,芝,1800,1番手,27,2,7,1000.0,1870.0,7.41,25.93,37.04,69.26
札幌,芝,1800,2-3番手,48,3,10,11000.0,4830.0,6.25,20.83,229.17,100.63
札幌,芝,1800,4-6番手,57,7,17,19430.0,5540.0,12.28,29.82,340.88,97.19
札幌,芝,1800,7-10番手,96,6,22,2190.0,7880.0,6.25,22.92,22.81,82.08
札幌,芝,1800,11番手以下,39,0,4,0.0,1110.0,0.0,10.26,0.0,28.46
札幌,芝,2000,1番手,34,3,10,2630.0,3400.0,8.82,29.41,77.35,100.0
札幌,芝,2000,2-3番手,69,7,19,6140.0,6120.0,10.14,27.54,88.99,88.7
札幌,芝,2000,4-6番手,62,4,14,3920.0,3890.0,6.45,22.58,63.23,62.74
札幌,芝,2000,7-10番手,128,10,30,9820.0,14030.0,7.81,23.44,76.72,109.61
札幌,芝,2000,11番手以下,47,2,7,1160.0,1980.0,4.26,14.89,24.68,42.13
札幌,芝,2600,2-3番手,31,2,4,1930.0,1200.0,6.45,12.9,62.26,38.71
札幌,芝,2600,4-6番手,37,3,10,1020.0,4530.0,8.11,27.03,27.57,122.43
札幌,芝,2600,7-10番手,61,4,12,2100.0,4260.0,6.56,19.67,34.43,69.84
札幌,芝,2600,11番手以下,25,1,4,1310.0,1070.0,4.0,16.0,52.4,42.8
東京,ダ,1300,1番手,22,1,6,700.0,1470.0,4.55,27.27,31.82,66.82
東京,ダ,1300,2-3番手,68,7,20,15930.0,8780.0,10.29,29.41,234.26,129.12
東京,ダ,1300,4-6番手,59,6,15,2610.0,3400.0,10.17,25.42,44.24,57.63
東京,ダ,1300,7-10番手,99,4,14,3500.0,4850.0,4.04,14.14,35.35,48.99
東京,ダ,1300,11番手以下,43,2,5,2560.0,2630.0,4.65,11.63,59.53,61.16
東京,ダ,1400,1番手,116,14,28,9100.0,6090.0,12.07,24.14,78.45,52.5
東京,ダ,1400,2-3番手,355,38,93,30880.0,27780.0,10.7,26.2,86.99,78.25
東京,ダ,1400,4-6番手,318,21,77,41390.0,32680.0,6.6,24.21,130.16,102.77
東京,ダ,1400,7-10番手,568,41,111,40000.0,38030.0,7.22,19.54,70.42,66.95
東京,ダ,1400,11番手以下,222,6,26,24020.0,15440.0,2.7,11.71,108.2,69.55
東京,ダ,1600,1番手,144,8,30,6480.0,7960.0,5.56,20.83,45.0,55.28
東京,ダ,1600,2-3番手,399,30,104,21650.0,27540.0,7.52,26.07,54.26,69.02
東京,ダ,1600,4-6番手,321,37,97,22850.0,25210.0,11.53,30.22,71.18,78.54
東京,ダ,1600,7-10番手,684,37,137,27950.0,49180.0,5.41,20.03,40.86,71.9
東京,ダ,1600,11番手以下,246,11,39,9510.0,12500.0,4.47,15.85,38.66,50.81
東京,ダ,2100,1番手,55,5,12,2330.0,2700.0,9.09,21.82,42.36,49.09
東京,ダ,2100,2-3番手,161,12,35,7620.0,8010.0,7.45,21.74,47.33,49.75
東京,ダ,2100,4-6番手,141,7,25,5880.0,6540.0,4.96,17.73,41.7,46.38
東京,ダ,2100,7-10番手,266,21,64,19530.0,21750.0,7.89,24.06,73.42,81.77
東京,ダ,2100,11番手以下,92,8,20,11510.0,5890.0,8.7,21.74,125.11,64.02
東京,芝,1400,1番手,73,7,25,3700.0,6720.0,9.59,34.25,50.68,92.05
東京,芝,1400,2-3番手,186,14,46,7560.0,11040.0,7.53,24.73,40.65,59.35
東京,芝,1400,4-6番手,182,13,46,15760.0,17150.0,7.14,25.27,86.59,94.23
東京,芝,1400,7-10番手,347,24,80,22560.0,20400.0,6.92,23.05,65.01,58.79
東京,芝,1400,11番手以下,137,7,25,5270.0,8050.0,5.11,18.25,38.47,58.76
東京,芝,1600,1番手,94,8,27,4070.0,6840.0,8.51,28.72,43.3,72.77
東京,芝,1600,2-3番手,195,18,56,10680.0,15840.0,9.23,28.72,54.77,81.23
東京,芝,1600,4-6番手,206,24,66,9940.0,15740.0,11.65,32.04,48.25,76.41
東京,芝,1600,7-10番手,411,42,105,36370.0,30440.0,10.22,25.55,88.49,74.06
東京,芝,1600,11番手以下,150,9,24,23990.0,8530.0,6.0,16.0,159.93,56.87
東京,芝,1800,1番手,75,5,14,9970.0,4480.0,6.67,18.67,132.93,59.73
東京,芝,1800,2-3番手,162,20,56,13890.0,15050.0,12.35,34.57,85.74,92.9
東京,芝,1800,4-6番手,144,14,36,5120.0,8420.0,9.72,25.0,35.56,58.47
東京,芝,1800,7-10番手,271,22,75,13320.0,17100.0,8.12,27.68,49.15,63.1
東京,芝,1800,11番手以下,109,6,29,7040.0,6860.0,5.5,26.61,64.59,62.94
東京,芝,2000,1番手,61,8,19,4040.0,5680.0,13.11,31.15,66.23,93.11
東京,芝,2000,2-3番手,92,12,31,5570.0,7170.0,13.04,33.7,60.54,77.93
東京,芝,2000,4-6番手,143,14,42,6810.0,8770.0,9.79,29.37,47.62,61.33
東京,芝,2000,7-10番手,233,28,65,25830.0,15760.0,12.02,27.9,110.86,67.64
東京,芝,2000,11番手以下,101,9,20,5110.0,4690.0,8.91,19.8,50.59,46.44
東京,芝,2400,1番手,46,5,10,3000.0,3360.0,10.87,21.74,65.22,73.04
東京,芝,2400,2-3番手,99,10,29,11620.0,6100.0,10.1,29.29,117.37,61.62
東京,芝,2400,4-6番手,113,13,38,9470.0,8510.0,11.5,33.63,83.81,75.31
東京,芝,2400,7-10番手,228,29,81,21920.0,17310.0,12.72,35.53,96.14,75.92
東京,芝,2400,11番手以下,86,6,25,1740.0,6200.0,6.98,29.07,20.23,72.09
東京,芝,2500,7-10番手,27,1,3,760.0,1190.0,3.7,11.11,28.15,44.07
浦和,ダ,1400,7-10番手,24,0,4,0.0,3750.0,0.0,16.67,0.0,156.25
福島,ダ,1150,1番手,51,3,10,6810.0,4010.0,5.88,19.61,133.53,78.63
福島,ダ,1150,2-3番手,148,6,31,2080.0,8610.0,4.05,20.95,14.05,58.18
福島,ダ,1150,4-6番手,114,5,17,2320.0,6730.0,4.39,14.91,20.35,59.04
福島,ダ,1150,7-10番手,199,4,22,15350.0,7900.0,2.01,11.06,77.14,39.7
福島,ダ,1150,11番手以下,77,3,7,3760.0,4220.0,3.9,9.09,48.83,54.81
福島,ダ,1700,1番手,78,8,21,2800.0,4880.0,10.26,26.92,35.9,62.56
福島,ダ,1700,2-3番手,173,13,43,10790.0,12210.0,7.51,24.86,62.37,70.58
福島,ダ,1700,4-6番手,191,20,48,42800.0,18830.0,10.47,25.13,224.08,98.59
福島,ダ,1700,7-10番手,324,12,57,9940.0,25950.0,3.7,17.59,30.68,80.09
福島,ダ,1700,11番手以下,106,3,14,5130.0,9500.0,2.83,13.21,48.4,89.62
福島,芝,1200,1番手,88,4,16,6390.0,6340.0,4.55,18.18,72.61,72.05
福島,芝,1200,2-3番手,216,17,45,12230.0,13280.0,7.87,20.83,56.62,61.48
福島,芝,1200,4-6番手,174,19,41,18850.0,11280.0,10.92,23.56,108.33,64.83
福島,芝,1200,7-10番手,329,18,56,38520.0,27000.0,5.47,17.02,117.08,82.07
福島,芝,1200,11番手以下,125,6,15,32330.0,10360.0,4.8,12.0,258.64,82.88
福島,芝,1800,1番手,41,3,8,1480.0,2690.0,7.32,19.51,36.1,65.61
福島,芝,1800,2-3番手,107,9,28,25110.0,15620.0,8.41,26.17,234.67,145.98
福島,芝,1800,4-6番手,100,4,19,2830.0,5170.0,4.0,19.0,28.3,51.7
福島,芝,1800,7-10番手,184,13,29,42730.0,15360.0,7.07,15.76,232.23,83.48
福島,芝,1800,11番手以下,68,6,14,5670.0,5710.0,8.82,20.59,83.38,83.97
福島,芝,2000,1番手,33,4,13,5430.0,4640.0,12.12,39.39,164.55,140.61
福島,芝,2000,2-3番手,86,5,24,1610.0,6960.0,5.81,27.91,18.72,80.93
福島,芝,2000,4-6番手,67,5,12,2180.0,3000.0,7.46,17.91,32.54,44.78
福島,芝,2000,7-10番手,154,11,30,9970.0,7590.0,7.14,19.48,64.74,49.29
福島,芝,2000,11番手以下,53,1,7,1650.0,2870.0,1.89,13.21,31.13,54.15
福島,芝,2600,1番手,22,2,7,1360.0,2540.0,9.09,31.82,61.82,115.45
福島,芝,2600,2-3番手,47,3,18,4370.0,4430.0,6.38,38.3,92.98,94.26
福島,芝,2600,4-6番手,54,3,13,2450.0,7970.0,5.56,24.07,45.37,147.59
福島,芝,2600,7-10番手,88,9,21,27770.0,11440.0,10.23,23.86,315.57,130.0
福島,芝,2600,11番手以下,32,1,6,590.0,2060.0,3.12,18.75,18.44,64.38
笠松,ダ,1400,1番手,31,1,2,370.0,860.0,3.23,6.45,11.94,27.74
笠松,ダ,1400,4-6番手,26,0,1,0.0,610.0,0.0,3.85,0.0,23.46
笠松,ダ,1400,7-10番手,26,1,1,400.0,150.0,3.85,3.85,15.38,5.77
金沢,ダ,1500,1番手,23,1,3,1140.0,840.0,4.35,13.04,49.57,36.52
門別,ダ,1200,7-10番手,20,2,4,5170.0,4180.0,10.0,20.0,258.5,209.0
阪神,ダ,1200,1番手,83,8,28,5450.0,7160.0,9.64,33.73,65.66,86.27
阪神,ダ,1200,2-3番手,249,22,66,19490.0,20970.0,8.84,26.51,78.27,84.22
阪神,ダ,1200,4-6番手,205,17,51,24700.0,15660.0,8.29,24.88,120.49,76.39
阪神,ダ,1200,7-10番手,397,26,78,28070.0,28200.0,6.55,19.65,70.71,71.03
阪神,ダ,1200,11番手以下,151,5,17,2780.0,9140.0,3.31,11.26,18.41,60.53
阪神,ダ,1400,1番手,85,11,28,6780.0,8380.0,12.94,32.94,79.76,98.59
阪神,ダ,1400,2-3番手,294,23,78,12180.0,23560.0,7.82,26.53,41.43,80.14
阪神,ダ,1400,4-6番手,218,21,49,10430.0,13070.0,9.63,22.48,47.84,59.95
阪神,ダ,1400,7-10番手,431,16,72,17110.0,31620.0,3.71,16.71,39.7,73.36
阪神,ダ,1400,11番手以下,173,5,23,2860.0,7870.0,2.89,13.29,16.53,45.49
阪神,ダ,1800,1番手,141,25,44,17620.0,11340.0,17.73,31.21,124.96,80.43
阪神,ダ,1800,2-3番手,318,34,86,19350.0,21320.0,10.69,27.04,60.85,67.04
阪神,ダ,1800,4-6番手,286,34,85,19260.0,19510.0,11.89,29.72,67.34,68.22
阪神,ダ,1800,7-10番手,608,42,127,39610.0,44510.0,6.91,20.89,65.15,73.21
阪神,ダ,1800,11番手以下,212,11,37,18430.0,14830.0,5.19,17.45,86.93,69.95
阪神,ダ,2000,1番手,31,7,11,17900.0,5210.0,22.58,35.48,577.42,168.06
阪神,ダ,2000,2-3番手,68,6,9,6480.0,2850.0,8.82,13.24,95.29,41.91
阪神,ダ,2000,4-6番手,82,7,14,2960.0,3530.0,8.54,17.07,36.1,43.05
阪神,ダ,2000,7-10番手,128,5,22,8570.0,8520.0,3.91,17.19,66.95,66.56
阪神,ダ,2000,11番手以下,56,3,10,1240.0,7740.0,5.36,17.86,22.14,138.21
阪神,芝,1200,1番手,40,9,11,6040.0,2940.0,22.5,27.5,151.0,73.5
阪神,芝,1200,2-3番手,93,9,29,10520.0,10900.0,9.68,31.18,113.12,117.2
阪神,芝,1200,4-6番手,100,9,24,21570.0,8460.0,9.0,24.0,215.7,84.6
阪神,芝,1200,7-10番手,160,8,29,6620.0,11300.0,5.0,18.12,41.38,70.62
阪神,芝,1200,11番手以下,68,3,11,2770.0,5180.0,4.41,16.18,40.74,76.18
阪神,芝,1400,1番手,64,6,13,2120.0,4640.0,9.38,20.31,33.12,72.5
阪神,芝,1400,2-3番手,133,15,41,10400.0,9540.0,11.28,30.83,78.2,71.73
阪神,芝,1400,4-6番手,149,14,34,9860.0,11650.0,9.4,22.82,66.17,78.19
阪神,芝,1400,7-10番手,275,22,61,29000.0,26770.0,8.0,22.18,105.45,97.35
阪神,芝,1400,11番手以下,106,3,16,4040.0,7480.0,2.83,15.09,38.11,70.57
阪神,芝,1600,1番手,81,10,20,6790.0,6770.0,12.35,24.69,83.83,83.58
阪神,芝,1600,2-3番手,164,24,48,12960.0,14850.0,14.63,29.27,79.02,90.55
阪神,芝,1600,4-6番手,197,29,69,19850.0,16430.0,14.72,35.03,100.76,83.4
阪神,芝,1600,7-10番手,332,26,77,51710.0,23490.0,7.83,23.19,155.75,70.75
阪神,芝,1600,11番手以下,137,12,31,8480.0,7530.0,8.76,22.63,61.9,54.96
阪神,芝,1800,1番手,56,7,15,7830.0,4400.0,12.5,26.79,139.82,78.57
阪神,芝,1800,2-3番手,82,11,30,8660.0,7680.0,13.41,36.59,105.61,93.66
阪神,芝,1800,4-6番手,124,23,42,15310.0,9220.0,18.55,33.87,123.47,74.35
阪神,芝,1800,7-10番手,200,24,55,14680.0,14180.0,12.0,27.5,73.4,70.9
阪神,芝,1800,11番手以下,83,6,17,4710.0,4270.0,7.23,20.48,56.75,51.45
阪神,芝,2000,1番手,60,10,16,12010.0,4890.0,16.67,26.67,200.17,81.5
阪神,芝,2000,2-3番手,97,8,27,4270.0,7660.0,8.25,27.84,44.02,78.97
阪神,芝,2000,4-6番手,121,7,37,3990.0,10390.0,5.79,30.58,32.98,85.87
阪神,芝,2000,7-10番手,240,21,64,13860.0,15920.0,8.75,26.67,57.75,66.33
阪神,芝,2000,11番手以下,96,7,22,7870.0,6690.0,7.29,22.92,81.98,69.69
阪神,芝,2200,2-3番手,28,0,4,0.0,2540.0,0.0,14.29,0.0,90.71
阪神,芝,2200,4-6番手,36,8,15,5870.0,3970.0,22.22,41.67,163.06,110.28
阪神,芝,2200,7-10番手,66,5,20,4150.0,6050.0,7.58,30.3,62.88,91.67
阪神,芝,2200,11番手以下,21,0,2,0.0,820.0,0.0,9.52,0.0,39.05
阪神,芝,2400,1番手,30,2,6,2670.0,1220.0,6.67,20.0,89.0,40.67
阪神,芝,2400,2-3番手,35,5,10,1660.0,1540.0,14.29,28.57,47.43,44.0
阪神,芝,2400,4-6番手,73,10,24,9450.0,5610.0,13.7,32.88,129.45,76.85
阪神,芝,2400,7-10番手,111,6,31,2140.0,6990.0,5.41,27.93,19.28,62.97
阪神,芝,2400,11番手以下,46,4,10,3910.0,2250.0,8.7,21.74,85.0,48.91
阪神,芝,2600,7-10番手,26,2,6,740.0,770.0,7.69,23.08,28.46,29.62
阪神,芝,3000,4-6番手,20,0,2,0.0,430.0,0.0,10.0,0.0,21.5
阪神,芝,3000,7-10番手,31,1,6,190.0,1240.0,3.23,19.35,6.13,40.0
